序号,提交答卷时间,所用时间,来源,来源详情,来自IP,1、您的年龄,2、请问您的家乡位于,3、请问您的家乡处在城市还是农村,4、您的民族,5、您是否听说过下列宗教用语中关于死亡的表述,6、您和您周围的人对上述词语的使用频率（数值越大代表频率越高）—圆寂,6、归仙,6、羽化,6、舍身,6、归寂,7、您在多大程度上觉得这些词汇不吉利/晦气/让人生理不适,8、您是否听说过下列关于死亡的常规表述？,9、请问您和您周围的人对上述词汇的使用频率（数值越大代表频率越高）—死,9、去世,9、没了,9、走了,9、作古,9、长眠,9、归西,9、离开人世,10、您在多大程度让认为这些词不吉利/晦气/让人心里不适—死,10、去世,10、没了,10、走了,10、作古,10、长眠,10、归西,10、离开人世,11、请问您是否听说过下列网络用语中关于死亡的表述,12、请问您和您周围的人对上述词汇的使用频率—寄,12、噶,12、无,12、4,12、亖,13、您在多大程度让认为这些词不吉利/晦气/让人心里不适—寄,13、噶,13、无,13、4,13、亖,14、您认为描述死亡的词汇在代际上是否存在变化,15、请问您是否了解过下列丧葬方式,16、如果让您做出选择，您对下列丧葬方式的意愿程度分别是（数值越大代表频率越高）—土葬,16、水葬,16、天葬,16、火葬,16、其他,17、您对死后拥有一个丧葬仪式的意愿强烈程度是,总分
1,2023/5/11 15:58:56,140秒,微信,N/A,183.172.243.103(北京-北京),18周岁-30周岁,黑龙江-大庆,城市,汉族,圆寂┋归仙┋羽化┋舍身┋归寂,5,1,1,9,1,5,死┋去世┋没了┋走了┋作古┋长眠┋归西┋离开人世,6,1,1,1,4,4,1,1,10,6,10,6,2,4,4,8,寄┋噶┋无┋4┋亖,10,10,6,2,2,2,2,2,2,2,是,土葬┋火葬┋水葬┋天葬,10,2,1,10,1,4,159
2,2023/5/11 16:00:51,243秒,微信,N/A,203.93.11.168(北京-北京),18周岁-30周岁,黑龙江-大庆,城市,汉族,圆寂,2,0,0,0,0,0,死┋去世┋没了┋走了┋作古┋长眠┋归西┋离开人世,4,6,1,5,1,2,2,4,3,1,3,1,0,0,2,0,寄┋噶┋无┋4┋亖,5,1,2,0,0,0,2,1,0,0,是,土葬┋火葬,6,2,0,4,0,6,66
3,2023/5/11 16:03:02,160秒,微信,N/A,223.104.41.235(北京-北京),18周岁-30周岁,黑龙江-鸡西,城市,汉族,圆寂┋归仙┋羽化┋舍身,1,1,1,0,0,0,死┋去世┋没了┋走了┋作古┋长眠┋归西┋离开人世,8,9,4,6,1,1,0,5,2,1,1,1,0,0,0,0,寄┋噶┋无┋4┋亖,6,6,1,2,7,2,2,0,0,2,是,土葬┋火葬┋水葬,2,8,0,4,0,3,87
4,2023/5/11 16:03:32,258秒,微信,N/A,219.142.99.23(北京-北京),18周岁-30周岁,黑龙江-大庆,城市,汉族,圆寂┋归仙┋羽化┋归寂,2,4,2,0,2,2,死┋去世┋没了┋走了┋长眠┋归西┋离开人世,9,10,7,9,2,6,4,9,4,2,2,2,2,1,1,2,寄┋噶┋无┋4┋亖,8,9,6,8,8,1,2,1,1,1,是,土葬┋火葬┋水葬┋天葬,7,5,4,8,1,8,162
5,2023/5/11 16:05:33,414秒,微信,N/A,36.112.206.87(北京-北京),18周岁-30周岁,黑龙江-大庆,城市,汉族,圆寂┋归仙┋羽化,0,0,0,0,0,1,死┋去世┋没了┋走了┋长眠┋归西┋离开人世,4,9,2,2,0,0,0,5,9,4,7,4,2,2,2,3,寄┋无┋亖,7,0,1,0,0,2,4,2,3,3,是,土葬┋火葬┋水葬┋天葬,1,9,2,4,0,4,98
6,2023/5/11 16:06:27,579秒,微信,N/A,101.228.64.240(上海-上海),55周岁以上,黑龙江-大庆,城市,汉族,圆寂┋归仙,2,4,0,0,3,0,去世┋走了,3,5,3,7,0,3,8,3,4,4,4,4,3,4,4,2,寄,2,5,3,2,6,4,2,2,3,5,是,土葬┋火葬,3,7,1,4,1,0,120
7,2023/5/11 16:07:29,175秒,微信,N/A,111.205.233.27(北京-北京),18周岁-30周岁,黑龙江-哈尔滨,城市,其他少数民族〖满族〗,圆寂┋归仙┋羽化┋舍身┋归寂,0,0,0,0,0,0,死┋去世┋没了┋走了┋作古┋长眠┋归西┋离开人世,2,5,5,8,4,4,4,8,0,0,0,0,0,0,0,0,寄┋噶┋无┋4┋亖,10,2,6,2,6,0,0,0,0,0,是,土葬┋火葬┋水葬┋天葬,4,8,1,6,0,5,90
8,2023/5/11 16:07:51,123秒,微信,N/A,111.205.232.60(北京-北京),18周岁-30周岁,黑龙江-哈尔滨,城市,汉族,圆寂┋归仙┋羽化,4,2,2,1,1,2,死┋去世┋没了┋走了┋长眠┋离开人世,4,10,8,8,1,6,3,8,8,3,2,2,0,2,0,6,寄┋噶┋无┋4┋亖,10,7,4,0,6,1,1,1,1,1,是,土葬┋火葬┋水葬,5,10,0,9,1,1,141
9,2023/5/11 16:10:18,247秒,微信,N/A,58.48.27.171(湖北-武汉),18周岁-30周岁,黑龙江-大庆,城市,汉族,圆寂┋归仙┋羽化┋归寂,1,0,0,0,0,0,死┋去世┋没了┋走了┋作古┋长眠┋归西┋离开人世,10,10,10,8,4,3,5,7,1,1,1,0,0,0,1,1,寄┋噶┋4┋亖,10,9,4,5,8,0,0,0,2,0,是,土葬┋火葬┋水葬┋天葬,4,8,7,8,0,0,128
10,2023/5/11 16:11:04,262秒,微信,N/A,39.144.87.222(河北-保定),55周岁以上,黑龙江-大庆,城市,汉族,圆寂┋羽化┋舍身┋归寂,8,4,2,1,4,0,死┋去世┋没了┋走了┋作古┋长眠┋归西┋离开人世,10,5,9,10,6,6,5,7,0,0,0,0,0,0,0,0,都没听说过,(跳过),(跳过),(跳过),(跳过),(跳过),(跳过),(跳过),(跳过),(跳过),(跳过),是,土葬┋火葬┋水葬┋天葬,8,3,1,10,0,0,99
11,2023/5/11 16:12:25,156秒,微信,N/A,111.205.232.143(北京-北京),18周岁-30周岁,黑龙江-哈尔滨,城市,汉族,圆寂┋归仙┋羽化┋归寂,2,1,0,0,0,1,死┋去世┋没了┋走了┋作古┋长眠┋归西┋离开人世,2,9,1,1,0,0,0,0,2,0,0,0,0,0,1,0,寄┋噶┋无┋4┋亖,8,1,1,1,1,2,2,2,6,1,是,土葬┋火葬┋水葬┋天葬,1,6,6,7,1,1,67
12,2023/5/11 16:14:18,141秒,微信,N/A,111.205.232.12(北京-北京),18周岁-30周岁,江苏-镇江,城市,汉族,圆寂┋羽化,0,0,0,0,0,0,死┋去世┋没了┋走了┋作古┋长眠┋归西┋离开人世,7,8,6,5,0,0,0,2,0,0,1,0,0,0,0,0,寄┋噶┋无┋4┋亖,7,4,2,0,2,0,0,0,2,0,是,土葬┋火葬┋水葬┋天葬,4,5,0,7,0,0,62
13,2023/5/11 16:15:04,238秒,微信,N/A,203.93.11.232(北京-北京),18周岁-30周岁,新疆-阿拉尔,城市,汉族,圆寂┋归仙┋羽化┋归寂,1,0,2,0,0,0,死┋去世┋没了┋走了┋作古┋长眠┋归西┋离开人世,9,6,7,7,0,1,1,3,8,6,6,5,0,0,3,9,寄┋噶┋无┋4┋亖,9,5,7,7,7,5,4,4,0,0,是,土葬┋火葬┋水葬,5,3,6,7,0,0,143
14,2023/5/11 16:15:14,105秒,微信,N/A,203.93.11.3(北京-北京),18周岁-30周岁,福建-莆田,城市,汉族,都没听说过,(跳过),(跳过),(跳过),(跳过),(跳过),(跳过),死┋没了┋走了┋作古,8,9,10,10,8,0,0,0,0,0,0,0,0,0,0,0,寄,4,0,0,0,0,0,0,0,0,0,否,土葬┋火葬,0,0,0,10,0,4,63
15,2023/5/11 16:18:19,467秒,微信,N/A,113.8.100.44(黑龙江-大庆),30周岁-55周岁,黑龙江-大庆,城市,汉族,圆寂┋羽化,1,1,1,1,1,0,死┋去世┋没了┋走了,5,8,6,5,1,1,1,1,6,1,1,1,1,1,1,1,寄┋噶┋亖,2,2,1,1,1,8,8,1,1,8,是,土葬┋火葬┋水葬┋天葬,1,4,1,1,5,1,92
16,2023/5/11 16:21:39,104秒,微信,N/A,111.205.232.170(北京-北京),18周岁-30周岁,陕西-西安,城市,汉族,都没听说过,(跳过),(跳过),(跳过),(跳过),(跳过),(跳过),死┋去世┋没了┋走了┋作古┋长眠┋归西┋离开人世,8,8,8,8,2,2,2,4,0,0,0,0,0,0,0,0,寄┋噶┋无┋4┋亖,8,2,0,4,4,0,6,3,5,5,是,土葬┋火葬┋水葬┋天葬,0,0,0,10,0,0,89
17,2023/5/11 16:22:50,113秒,微信,N/A,223.104.41.199(北京-北京),18周岁-30周岁,陕西-西安,城市,汉族,圆寂┋归仙┋羽化┋舍身┋归寂,0,0,0,0,8,4,死┋去世┋没了┋走了┋作古┋长眠┋归西┋离开人世,6,6,6,8,2,2,5,4,6,4,6,8,4,4,5,4,寄┋噶┋无┋4┋亖,9,4,4,6,4,0,0,0,0,0,是,土葬┋火葬┋水葬┋天葬,0,0,0,8,0,0,127
18,2023/5/11 16:23:16,188秒,微信,N/A,111.205.233.68(北京-北京),18周岁-30周岁,海外-美洲,城市,汉族,圆寂┋归仙┋羽化┋归寂,7,1,1,0,1,0,死┋去世┋没了┋走了┋长眠┋归西┋离开人世,10,9,9,9,0,5,8,9,0,0,0,0,0,0,0,0,寄┋噶┋无┋4┋亖,5,9,5,1,6,0,0,0,0,0,是,土葬┋火葬┋水葬,1,5,0,5,0,10,116
19,2023/5/11 16:23:31,141秒,微信,N/A,111.33.200.32(天津-天津),18周岁-30周岁,黑龙江-大庆,城市,汉族,圆寂┋归仙┋羽化┋舍身┋归寂,0,0,0,0,0,0,死┋去世┋没了┋走了┋作古┋长眠┋归西┋离开人世,10,2,2,2,2,0,0,0,0,0,0,0,0,0,0,0,寄┋噶┋无┋4┋亖,2,0,0,0,2,0,0,0,0,0,是,土葬┋火葬┋水葬┋天葬,0,0,0,10,0,0,32
20,2023/5/11 16:24:30,197秒,微信,N/A,124.127.16.185(北京-北京),18周岁-30周岁,黑龙江-大庆,城市,汉族,圆寂┋归仙┋羽化┋舍身┋归寂,0,0,0,0,0,0,死┋去世┋没了┋走了┋作古┋长眠┋归西┋离开人世,8,10,10,10,0,0,0,8,4,0,4,0,0,0,0,0,寄┋噶┋无┋4┋亖,2,2,2,1,4,0,2,0,4,4,否,土葬┋火葬┋水葬┋天葬,2,0,0,10,0,0,87
21,2023/5/11 16:24:36,177秒,微信,N/A,111.205.230.232(北京-北京),18周岁-30周岁,浙江-杭州,城市,汉族,圆寂┋归仙┋羽化,4,3,3,0,0,0,死┋去世┋没了┋走了┋作古┋长眠┋归西┋离开人世,6,7,6,6,2,4,4,7,2,0,0,0,0,0,0,0,寄┋噶┋无┋4┋亖,7,5,5,4,6,3,6,2,3,5,是,土葬┋火葬┋水葬┋天葬,5,2,2,10,2,7,128
22,2023/5/11 16:24:39,178秒,微信,N/A,124.127.68.184(北京-北京),18周岁-30周岁,陕西-西安,城市,汉族,圆寂┋羽化,4,1,4,1,2,0,死┋去世┋没了┋走了┋作古┋长眠┋归西┋离开人世,8,8,6,6,4,4,3,8,5,2,4,3,2,2,1,3,寄┋噶┋无┋4┋亖,10,9,5,4,4,8,9,2,5,4,是,土葬┋火葬┋水葬┋天葬,9,8,6,4,6,0,174
23,2023/5/11 16:25:01,179秒,微信,N/A,111.205.233.69(北京-北京),18周岁-30周岁,黑龙江-大庆,城市,汉族,圆寂┋羽化,6,0,0,0,0,0,死┋去世┋没了┋走了┋长眠┋归西┋离开人世,9,10,6,7,0,3,1,5,6,0,4,0,7,0,0,0,寄┋噶┋无┋4┋亖,10,1,1,8,8,0,5,0,0,0,是,土葬┋火葬┋水葬,1,7,0,9,0,5,119
24,2023/5/11 16:27:09,181秒,微信,N/A,36.112.179.135(北京-北京),18周岁-30周岁,陕西-铜川,城市,其他少数民族〖回〗,圆寂┋归仙┋羽化,0,0,0,0,0,0,死┋去世┋没了┋走了┋离开人世,6,6,6,6,0,0,2,3,0,0,0,0,0,0,0,0,寄┋噶┋无┋4┋亖,6,6,6,2,3,0,0,0,0,0,是,土葬┋火葬,3,3,0,6,2,2,68
25,2023/5/11 16:27:40,200秒,微信,N/A,111.205.232.155(北京-北京),18周岁-30周岁,陕西-西安,城市,汉族,圆寂┋归仙┋羽化,4,0,1,0,0,0,死┋去世┋没了┋走了┋作古┋长眠┋归西┋离开人世,8,6,2,6,1,1,2,8,6,2,2,0,0,0,0,2,寄┋噶┋无┋4┋亖,8,4,10,1,2,1,4,0,8,8,是,土葬┋火葬┋天葬,6,0,6,2,0,1,112
26,2023/5/11 16:28:06,165秒,微信,N/A,203.93.11.1(北京-北京),18周岁-30周岁,黑龙江-哈尔滨,城市,汉族,圆寂┋归仙┋羽化,4,1,1,0,0,3,死┋去世┋没了┋走了┋作古┋长眠┋归西┋离开人世,6,10,3,4,1,2,2,5,3,1,4,1,1,1,2,1,寄┋噶┋无┋4┋亖,6,2,2,1,1,4,8,4,5,7,否,土葬┋火葬┋水葬,7,7,2,5,1,10,128
27,2023/5/11 16:28:29,251秒,微信,N/A,223.104.41.23(北京-北京),18周岁-30周岁,陕西-西安,城市,汉族,圆寂┋羽化,9,1,0,0,0,0,死┋没了┋走了┋归西┋离开人世,8,5,1,0,0,0,2,1,3,0,3,0,0,0,2,0,寄┋噶┋无┋4┋亖,10,2,8,7,7,0,0,0,0,0,是,土葬┋火葬┋水葬┋天葬,4,10,2,8,0,2,95
28,2023/5/11 16:32:31,203秒,微信,N/A,60.15.136.202(黑龙江-绥化),30周岁-55周岁,黑龙江-大庆,城市,汉族,圆寂┋羽化┋归寂,2,2,4,2,2,1,死┋去世┋没了┋走了┋离开人世,1,8,6,7,2,1,1,4,6,2,1,1,3,2,1,6,噶┋亖,1,1,1,4,5,1,5,4,3,8,是,土葬┋火葬,5,1,2,3,6,3,118
29,2023/5/11 16:32:40,187秒,微信,N/A,219.217.246.84(黑龙江-哈尔滨),18周岁-30周岁,黑龙江-绥化,城市,汉族,圆寂┋归仙┋羽化,0,0,0,0,0,0,没了┋走了,1,3,0,0,0,0,0,2,0,0,0,0,0,0,0,0,寄┋噶┋4┋亖,5,5,0,0,0,0,0,0,0,0,是,土葬┋火葬┋天葬,0,0,0,0,0,0,16
30,2023/5/11 16:33:39,63秒,微信,N/A,113.8.100.44(黑龙江-大庆),30周岁-55周岁,黑龙江-大庆,城市,汉族,圆寂,9,9,9,8,9,8,死,7,7,6,6,7,7,6,5,7,6,6,6,6,7,6,7,寄,7,6,6,6,7,7,7,7,6,7,是,土葬,8,8,7,8,6,7,264
31,2023/5/11 16:36:10,177秒,微信,N/A,221.222.21.81(北京-北京),18周岁-30周岁,黑龙江-大庆,城市,汉族,圆寂┋归仙,0,0,0,0,0,0,死┋去世┋没了┋走了,6,6,8,2,0,0,0,0,0,0,0,0,0,0,0,0,寄┋噶┋无┋亖,8,6,8,0,9,0,0,0,0,0,是,土葬┋火葬┋天葬,0,2,0,6,0,0,61
32,2023/5/11 16:36:16,202秒,微信,N/A,223.104.40.5(北京-北京),18周岁-30周岁,北京-海淀区,城市,其他少数民族〖蒙古族〗,圆寂┋归仙┋归寂,0,0,0,0,0,4,死┋去世┋没了┋走了┋长眠┋归西┋离开人世,4,3,0,2,0,0,0,0,2,3,2,1,2,2,2,1,寄┋噶┋无┋4┋亖,10,3,5,5,2,0,0,0,0,0,是,土葬┋火葬┋水葬┋天葬,5,3,1,4,0,6,72
33,2023/5/11 16:36:53,259秒,微信,N/A,113.8.100.44(黑龙江-大庆),30周岁-55周岁,黑龙江-大庆,城市,汉族,圆寂┋归仙┋羽化┋舍身,2,0,2,0,0,2,死┋去世┋没了┋走了┋作古┋长眠┋归西┋离开人世,4,8,8,8,0,0,2,4,4,0,0,0,0,0,0,0,都没听说过,(跳过),(跳过),(跳过),(跳过),(跳过),(跳过),(跳过),(跳过),(跳过),(跳过),否,土葬┋火葬┋水葬┋天葬,4,0,0,4,0,4,56
34,2023/5/11 16:38:19,283秒,微信,N/A,113.8.100.44(黑龙江-大庆),30周岁-55周岁,黑龙江-大庆,城市,汉族,圆寂┋归仙┋羽化┋舍身┋归寂,10,4,2,10,2,0,死┋去世┋没了┋走了┋作古┋长眠┋归西┋离开人世,10,10,10,10,3,10,10,0,1,1,1,1,1,1,1,1,都没听说过,(跳过),(跳过),(跳过),(跳过),(跳过),(跳过),(跳过),(跳过),(跳过),(跳过),否,土葬┋火葬┋水葬┋天葬┋其他方式〖树葬〗,10,5,5,5,10,1,135
35,2023/5/11 16:38:23,266秒,微信,N/A,113.8.100.44(黑龙江-大庆),30周岁-55周岁,黑龙江-大庆,城市,汉族,圆寂┋归仙,0,0,0,0,0,0,死┋去世┋没了┋走了┋归西┋离开人世,10,10,10,10,2,2,2,6,6,2,4,4,1,4,6,10,都没听说过,(跳过),(跳过),(跳过),(跳过),(跳过),(跳过),(跳过),(跳过),(跳过),(跳过),是,土葬┋火葬,2,6,0,8,0,0,105
36,2023/5/11 16:39:02,244秒,微信,N/A,42.100.162.145(黑龙江-哈尔滨),30周岁-55周岁,黑龙江-大庆,城市,其他少数民族〖土家族〗,圆寂,0,0,0,0,0,0,死┋去世┋没了┋走了┋作古┋长眠┋归西┋离开人世,5,10,10,10,0,0,0,0,0,0,0,0,0,0,0,0,都没听说过,(跳过),(跳过),(跳过),(跳过),(跳过),(跳过),(跳过),(跳过),(跳过),(跳过),否,土葬┋火葬,10,0,0,10,0,0,55
37,2023/5/11 16:40:15,151秒,微信,N/A,117.136.7.10(黑龙江-大庆),30周岁-55周岁,黑龙江-大庆,城市,汉族,圆寂┋归仙┋羽化┋舍身┋归寂,10,2,3,2,3,5,死┋去世┋没了┋走了┋作古┋长眠┋归西┋离开人世,10,10,10,10,3,10,5,10,6,5,6,5,6,6,5,5,4,2,4,3,6,3,3,2,2,9,2,是,土葬┋火葬┋水葬┋天葬,10,3,3,4,2,10,205
38,2023/5/11 16:40:46,184秒,微信,N/A,220.197.208.228(贵州-贵阳),30周岁-55周岁,黑龙江-大庆,农村,其他少数民族〖土家族〗,圆寂,5,10,10,1,10,5,去世┋没了┋走了┋长眠┋归西┋离开人世,5,10,3,5,9,10,10,10,6,8,9,10,10,10,10,10,寄┋噶┋无┋4┋都没听说过,5,6,7,8,9,6,9,10,10,10,是,土葬,10,1,2,10,1,5,285
39,2023/5/11 16:42:09,245秒,微信,N/A,113.8.100.44(黑龙江-大庆),55周岁以上,黑龙江-大庆,城市,汉族,圆寂┋归仙┋羽化┋舍身,5,5,5,8,0,0,死┋去世┋没了┋走了┋作古┋长眠┋归西┋离开人世,4,9,4,2,1,2,3,9,5,5,5,5,5,5,5,5,都没听说过,(跳过),(跳过),(跳过),(跳过),(跳过),(跳过),(跳过),(跳过),(跳过),(跳过),是,土葬┋火葬┋水葬,3,3,0,5,2,0,110
40,2023/5/11 16:46:40,207秒,微信,N/A,203.93.11.123(北京-北京),18周岁-30周岁,黑龙江-大庆,城市,汉族,圆寂┋归仙┋羽化┋归寂,1,0,1,0,0,2,死┋去世┋没了┋走了┋作古┋长眠┋归西┋离开人世,10,6,6,7,0,0,2,4,3,3,3,3,1,1,2,2,寄┋噶┋无┋4┋亖,10,4,6,6,8,0,4,1,1,0,是,土葬┋火葬,2,1,1,8,0,5,114
41,2023/5/11 16:46:45,458秒,企业微信,N/A,113.8.100.44(黑龙江-大庆),55周岁以上,黑龙江-大庆,城市,汉族,圆寂,10,0,0,9,0,5,死┋去世┋没了,10,10,7,4,4,4,4,4,6,0,0,7,0,7,0,0,无,0,0,0,5,0,0,9,0,8,10,是,土葬┋火葬┋水葬,4,4,0,8,0,4,143
42,2023/5/11 16:51:03,171秒,微信,N/A,39.144.55.89(辽宁-大连),30周岁-55周岁,黑龙江-大庆,城市,汉族,圆寂,0,0,0,0,0,0,死┋去世┋没了┋走了┋长眠┋归西┋离开人世,1,2,2,3,0,0,0,1,0,0,0,0,0,0,0,0,都没听说过,(跳过),(跳过),(跳过),(跳过),(跳过),(跳过),(跳过),(跳过),(跳过),(跳过),是,水葬,0,0,0,0,0,0,9
43,2023/5/11 16:51:07,195秒,微信,N/A,111.205.233.251(北京-北京),18周岁-30周岁,江西-南昌,城市,汉族,圆寂┋羽化,0,0,0,0,0,0,死┋去世┋没了┋走了┋作古┋长眠┋归西┋离开人世,9,10,10,9,2,2,4,6,2,1,0,0,0,0,0,0,寄┋噶┋无,10,8,8,2,0,0,0,0,3,0,是,土葬┋火葬┋天葬,6,2,1,8,0,8,111
44,2023/5/11 16:55:24,202秒,微信,N/A,111.205.230.102(北京-北京),18周岁-30周岁,山东-烟台,城市,汉族,圆寂┋归仙┋羽化,0,0,0,0,0,0,死┋去世┋没了┋走了┋离开人世,9,8,9,9,0,0,0,7,6,1,3,3,0,0,0,2,寄┋噶┋无┋4┋亖,7,6,4,1,6,0,0,0,3,4,是,土葬┋火葬┋水葬,0,8,0,10,0,1,107
45,2023/5/11 16:56:03,186秒,微信,N/A,111.41.237.12(黑龙江-大庆),30周岁-55周岁,黑龙江-大庆,城市,汉族,圆寂┋归仙┋羽化┋归寂,0,0,0,0,9,1,死┋去世┋没了┋走了┋归西┋离开人世,1,10,8,4,1,1,1,6,9,6,10,4,0,0,0,5,都没听说过,(跳过),(跳过),(跳过),(跳过),(跳过),(跳过),(跳过),(跳过),(跳过),(跳过),是,土葬┋火葬┋水葬┋天葬,5,9,0,3,0,1,94
46,2023/5/11 17:03:05,265秒,微信,N/A,111.205.232.248(北京-北京),18周岁-30周岁,黑龙江-大庆,城市,汉族,圆寂┋归仙┋羽化┋归寂,0,0,0,0,0,1,死┋去世┋没了┋走了┋作古┋长眠┋归西┋离开人世,8,8,8,8,0,0,0,5,6,3,2,2,0,1,2,3,寄┋噶┋亖,1,0,0,0,0,0,2,0,0,4,是,土葬┋火葬┋水葬,2,0,0,2,0,0,68
47,2023/5/11 17:03:44,150秒,微信,N/A,203.93.11.217(北京-北京),18周岁-30周岁,内蒙古-鄂尔多斯,城市,汉族,圆寂,0,0,0,0,0,0,死┋去世┋没了┋走了┋归西┋离开人世,10,10,8,8,0,0,2,2,0,0,0,0,0,0,0,0,寄┋噶┋无┋4┋亖,8,6,4,4,2,0,0,0,0,0,是,土葬┋火葬┋天葬,10,0,0,0,0,0,74
48,2023/5/11 17:06:23,166秒,微信,N/A,221.208.220.239(黑龙江-大庆),18周岁-30周岁,黑龙江-大庆,城市,汉族,圆寂┋归仙┋羽化┋舍身┋归寂,7,2,2,2,2,2,死┋去世┋没了┋走了┋长眠┋归西┋离开人世,10,8,8,8,1,8,8,8,2,2,2,2,2,2,2,2,寄┋噶┋无┋4┋亖,2,10,2,2,2,2,2,2,2,2,否,土葬┋火葬┋水葬┋天葬,8,10,6,8,1,1,154
49,2023/5/11 17:06:25,135秒,微信,N/A,111.205.233.44(北京-北京),18周岁以下,贵州-黔南,城市,汉族,圆寂┋归仙┋羽化┋舍身┋归寂,0,0,1,0,0,1,死┋去世┋没了┋走了┋作古┋长眠┋归西┋离开人世,4,6,6,5,3,2,3,4,8,5,5,5,1,1,1,2,寄┋噶┋无┋4┋亖,10,8,8,3,5,0,0,0,3,0,是,土葬┋火葬┋水葬,5,7,0,5,0,5,122
50,2023/5/11 17:07:57,230秒,微信,N/A,124.127.76.209(北京-北京),18周岁-30周岁,广东-东莞,城市,汉族,圆寂┋羽化┋归寂,6,0,2,0,2,0,死┋去世┋没了┋走了┋长眠┋归西┋离开人世,10,10,10,10,0,1,2,6,2,0,8,0,0,0,0,0,寄┋无┋亖,9,0,6,10,8,0,0,0,4,4,是,土葬┋火葬┋水葬┋天葬┋其他方式〖树葬〗,0,0,0,10,8,6,134
51,2023/5/11 17:08:01,257秒,微信,N/A,223.104.41.26(北京-北京),18周岁-30周岁,山东-潍坊,城市,汉族,圆寂┋羽化,2,0,2,0,0,3,死┋去世┋没了┋走了┋作古┋长眠┋归西┋离开人世,7,10,6,6,4,2,2,4,6,8,8,6,4,5,4,2,寄┋噶┋无┋4┋亖,8,8,8,8,6,2,5,2,2,4,是,土葬┋火葬┋水葬┋天葬,6,4,2,6,0,6,168
52,2023/5/11 17:11:45,225秒,微信,N/A,123.166.203.55(黑龙江-哈尔滨),30周岁-55周岁,黑龙江-大庆,城市,汉族,都没听说过,(跳过),(跳过),(跳过),(跳过),(跳过),(跳过),离开人世,6,8,6,10,7,6,6,6,8,8,8,9,9,9,10,8,寄┋都没听说过,8,8,8,8,8,8,7,8,8,8,是,火葬,10,6,6,7,7,6,245
53,2023/5/11 17:20:40,146秒,微信,N/A,111.205.232.173(北京-北京),18周岁-30周岁,贵州-六盘水,农村,汉族,圆寂┋归仙┋羽化┋舍身┋归寂,0,0,0,0,0,0,死┋去世┋没了┋走了,6,4,2,10,0,0,0,1,0,0,0,0,0,0,0,0,寄┋噶┋4┋亖,10,2,0,2,8,0,0,0,0,2,是,土葬┋火葬┋水葬┋天葬,0,10,0,4,0,0,61
54,2023/5/11 17:25:37,137秒,微信,N/A,42.102.170.189(黑龙江-哈尔滨),30周岁-55周岁,黑龙江-大庆,城市,汉族,圆寂,2,1,2,0,1,1,死┋去世┋走了,1,4,1,2,1,1,2,1,3,1,2,1,1,1,1,1,噶,1,1,1,1,2,0,3,1,1,1,是,土葬┋火葬,4,0,1,1,1,1,51
55,2023/5/11 17:26:48,167秒,微信,N/A,1.83.222.214(陕西-西安),18周岁以下,陕西-西安,城市,汉族,圆寂┋归仙┋羽化┋舍身,0,0,0,0,0,0,死┋去世┋没了┋走了┋作古┋长眠┋归西┋离开人世,10,10,0,6,0,4,2,6,0,0,0,0,0,0,0,0,寄┋噶┋无┋4,2,2,2,6,0,0,6,0,0,0,是,土葬┋火葬┋水葬┋天葬,0,10,0,0,0,0,66
56,2023/5/11 17:28:17,197秒,微信,N/A,223.104.113.43(黑龙江-哈尔滨),30周岁-55周岁,黑龙江-大庆,城市,汉族,都没听说过,(跳过),(跳过),(跳过),(跳过),(跳过),(跳过),离开人世,5,3,9,10,5,5,2,6,5,6,3,8,7,3,5,6,都没听说过,(跳过),(跳过),(跳过),(跳过),(跳过),(跳过),(跳过),(跳过),(跳过),(跳过),是,土葬,5,4,4,8,3,1,113
57,2023/5/11 17:29:12,248秒,微信,N/A,36.249.156.59(福建-厦门),18周岁-30周岁,黑龙江-大庆,城市,汉族,圆寂┋羽化┋归寂,1,0,0,0,0,9,死┋去世┋没了┋走了,5,4,8,6,0,1,1,4,5,2,2,2,0,9,0,1,寄┋噶┋无┋亖,8,1,3,0,1,0,0,0,0,1,是,土葬┋火葬,0,0,0,10,0,6,90
58,2023/5/11 17:29:40,414秒,微信,N/A,120.244.161.61(北京-北京),55周岁以上,北京-昌平区,城市,汉族,归寂,2,2,1,4,4,4,去世┋没了┋走了┋离开人世,2,9,7,6,2,2,8,6,10,3,8,4,8,2,2,6,都没听说过,(跳过),(跳过),(跳过),(跳过),(跳过),(跳过),(跳过),(跳过),(跳过),(跳过),是,土葬┋火葬┋水葬┋天葬,6,4,1,2,2,4,121
59,2023/5/11 17:30:30,198秒,微信,N/A,223.104.3.252(北京-北京),18周岁-30周岁,江苏-泰州,城市,汉族,圆寂┋归仙┋羽化┋舍身┋归寂,0,0,0,0,0,1,死┋去世┋没了┋走了┋作古┋长眠┋归西┋离开人世,7,9,7,9,2,2,2,8,2,0,1,1,0,0,0,0,寄┋噶┋无┋4┋亖,1,2,1,1,1,4,2,0,1,6,是,土葬┋火葬┋水葬┋天葬,0,0,0,4,0,6,80
60,2023/5/11 17:36:57,95秒,微信,N/A,111.205.230.174(北京-北京),18周岁-30周岁,黑龙江-大庆,城市,汉族,圆寂┋归仙┋羽化┋归寂,0,0,0,0,0,0,死┋去世┋没了┋走了┋作古┋长眠┋归西┋离开人世,10,10,10,10,0,0,0,10,0,0,0,0,0,0,0,0,寄┋噶┋无┋4┋亖,10,10,10,10,10,0,0,0,0,0,是,土葬┋火葬┋水葬┋天葬,0,10,0,0,0,0,110
61,2023/5/11 17:38:49,242秒,微信,N/A,223.104.116.133(黑龙江-哈尔滨),30周岁-55周岁,黑龙江-大庆,城市,汉族,圆寂┋归仙┋归寂,4,8,2,2,3,5,没了┋走了,5,10,10,10,2,2,3,4,4,2,2,2,10,10,10,10,噶,4,3,10,2,2,4,2,4,2,3,是,土葬┋火葬,4,2,2,8,6,5,183
62,2023/5/11 17:41:08,161秒,微信,N/A,1.59.52.17(黑龙江-大庆),18周岁-30周岁,辽宁-大连,城市,汉族,圆寂,6,1,2,1,1,0,死┋去世┋没了┋走了┋作古┋长眠┋归西┋离开人世,10,10,8,6,1,1,1,1,8,1,1,1,1,1,1,1,噶┋无┋4┋亖,1,8,2,2,2,10,8,6,6,6,是,土葬┋火葬┋水葬┋天葬,1,0,1,10,1,1,129
63,2023/5/11 17:52:10,304秒,微信,N/A,60.15.136.94(黑龙江-绥化),55周岁以上,黑龙江-大庆,城市,汉族,圆寂,6,0,0,0,0,1,死┋去世┋没了┋走了,6,6,6,6,0,0,0,0,0,0,0,0,0,0,0,0,都没听说过,(跳过),(跳过),(跳过),(跳过),(跳过),(跳过),(跳过),(跳过),(跳过),(跳过),是,土葬┋火葬┋水葬,0,0,0,6,0,2,39
64,2023/5/11 17:52:33,434秒,微信,N/A,42.101.106.231(黑龙江-大庆),30周岁-55周岁,黑龙江-大庆,城市,汉族,圆寂┋归仙┋羽化┋舍身┋归寂,0,0,0,2,0,0,死┋去世┋没了┋走了┋长眠┋归西┋离开人世,10,10,8,6,0,0,0,0,0,0,0,0,0,0,0,0,无┋4,0,0,0,0,0,0,0,0,4,0,否,土葬┋火葬,0,0,0,6,0,0,46
65,2023/5/11 17:53:48,170秒,微信,N/A,111.121.80.48(贵州-贵阳),18周岁-30周岁,贵州-贵阳,农村,其他少数民族〖土家族〗,圆寂┋羽化,2,6,10,0,2,2,死┋去世┋走了┋作古┋长眠┋归西┋离开人世,6,8,2,8,3,1,3,6,3,3,3,3,1,2,1,0,寄┋噶┋无┋亖,7,2,0,2,3,2,7,2,2,3,是,土葬┋火葬┋水葬┋天葬,7,2,4,9,3,10,140
66,2023/5/11 17:59:10,171秒,微信,N/A,117.136.7.35(黑龙江-大庆),30周岁-55周岁,黑龙江-大庆,城市,汉族,圆寂┋归仙┋羽化┋归寂,2,2,2,2,2,8,死┋去世┋没了┋走了┋作古┋长眠┋归西┋离开人世,10,10,10,10,2,4,4,7,8,7,2,2,2,2,3,3,噶,2,7,2,3,2,2,2,2,2,2,是,土葬┋火葬┋水葬┋天葬,10,2,2,9,2,3,158
67,2023/5/11 18:09:27,166秒,微信,N/A,1.59.108.253(黑龙江-大庆),30周岁-55周岁,黑龙江-大庆,城市,汉族,圆寂,6,6,0,3,4,1,死┋去世┋没了┋走了,4,5,6,6,0,4,4,0,2,3,4,5,3,4,4,4,噶,4,6,5,4,4,4,5,4,4,4,是,土葬┋火葬┋水葬┋天葬,10,10,0,4,1,5,152
68,2023/5/11 18:11:19,489秒,微信,N/A,36.132.176.195(黑龙江-大庆),55周岁以上,黑龙江-大庆,城市,汉族,圆寂┋归仙,7,3,0,1,2,4,死┋去世┋没了┋走了┋长眠,4,7,7,6,1,2,5,6,3,4,1,2,2,2,2,1,都没听说过,(跳过),(跳过),(跳过),(跳过),(跳过),(跳过),(跳过),(跳过),(跳过),(跳过),否,土葬┋火葬┋水葬,3,3,2,1,2,2,85
69,2023/5/11 18:13:05,294秒,微信,N/A,223.104.113.71(黑龙江-哈尔滨),30周岁-55周岁,黑龙江-大庆,城市,汉族,圆寂┋羽化,1,0,0,4,0,0,死┋去世┋没了┋走了┋作古┋长眠┋归西┋离开人世,10,10,10,10,2,2,2,2,10,0,2,2,0,0,0,0,都没听说过,(跳过),(跳过),(跳过),(跳过),(跳过),(跳过),(跳过),(跳过),(跳过),(跳过),否,土葬┋火葬,10,0,0,0,0,5,82
70,2023/5/11 18:19:40,255秒,微信,N/A,117.136.7.21(黑龙江-大庆),30周岁-55周岁,黑龙江-大庆,城市,汉族,圆寂┋归仙┋羽化┋归寂,1,2,2,2,4,2,死┋去世┋没了┋走了┋作古┋长眠┋归西┋离开人世,4,8,10,10,2,2,3,8,9,5,2,3,2,2,2,2,都没听说过,(跳过),(跳过),(跳过),(跳过),(跳过),(跳过),(跳过),(跳过),(跳过),(跳过),是,土葬┋火葬,2,10,2,7,1,2,111
71,2023/5/11 18:28:13,191秒,微信,N/A,223.104.41.175(北京-北京),18周岁-30周岁,黑龙江-大庆,城市,汉族,圆寂┋羽化┋舍身┋归寂,2,1,2,1,1,0,死┋去世┋没了┋走了┋作古┋长眠┋归西┋离开人世,2,8,6,6,2,1,5,7,6,0,0,0,0,0,0,0,寄┋噶┋4┋亖,7,0,0,0,0,0,0,0,0,0,否,土葬┋火葬┋水葬┋天葬,4,8,0,6,5,0,80
72,2023/5/11 18:29:12,161秒,微信,N/A,223.104.41.60(北京-北京),18周岁-30周岁,黑龙江-哈尔滨,城市,汉族,圆寂,1,0,0,0,0,0,死┋去世┋没了┋走了┋长眠┋归西┋离开人世,6,5,8,8,1,4,4,7,10,6,4,2,5,1,1,2,寄┋噶┋4┋亖,6,4,0,2,3,0,1,5,1,0,否,土葬┋火葬┋水葬┋天葬,10,4,3,1,0,2,117
73,2023/5/11 18:32:33,312秒,微信,N/A,39.144.100.18(吉林-长春),30周岁-55周岁,黑龙江-大庆,城市,汉族,都没听说过,(跳过),(跳过),(跳过),(跳过),(跳过),(跳过),去世┋长眠┋归西,5,2,5,2,2,2,5,1,8,2,2,2,2,2,3,4,都没听说过,(跳过),(跳过),(跳过),(跳过),(跳过),(跳过),(跳过),(跳过),(跳过),(跳过),是,土葬┋火葬┋水葬,6,3,2,7,2,3,72
74,2023/5/11 18:32:48,216秒,微信,N/A,120.244.161.61(北京-北京),55周岁以上,北京-昌平区,城市,汉族,归寂,2,2,2,2,4,4,去世┋没了┋走了┋离开人世,2,6,6,3,2,2,2,6,2,6,8,9,3,4,2,6,都没听说过,(跳过),(跳过),(跳过),(跳过),(跳过),(跳过),(跳过),(跳过),(跳过),(跳过),是,土葬,6,4,2,4,2,2,105
75,2023/5/11 18:33:14,123秒,微信,N/A,218.249.94.223(北京-北京),18周岁-30周岁,安徽-芜湖,农村,汉族,圆寂┋羽化,0,0,0,0,0,0,死┋去世┋没了┋走了,10,10,10,10,0,0,0,0,6,4,0,0,0,0,0,0,寄┋噶┋亖,10,10,6,0,4,0,0,2,8,4,是,土葬┋火葬┋天葬,8,0,0,2,0,6,110
76,2023/5/11 18:34:37,192秒,微信,N/A,183.192.255.16(上海-上海),18周岁-30周岁,安徽-合肥,城市,汉族,圆寂┋归仙┋羽化,0,0,0,0,0,0,死┋去世┋走了┋作古┋长眠┋归西┋离开人世,2,10,0,10,2,6,6,0,0,0,2,0,0,0,0,0,寄┋无┋4┋亖,10,0,8,0,2,0,0,0,0,0,否,土葬┋火葬┋天葬,2,6,0,10,0,2,78
77,2023/5/11 18:36:25,83秒,微信,N/A,223.104.41.215(北京-北京),18周岁-30周岁,广西-梧州,农村,汉族,圆寂┋羽化┋归寂,1,2,2,1,1,3,死┋去世┋走了┋归西┋离开人世,8,7,2,7,1,3,3,9,4,3,1,1,2,2,2,3,寄┋噶┋无┋4┋亖,9,2,8,6,6,2,3,4,5,6,是,土葬┋火葬┋水葬┋天葬,7,5,7,6,2,2,148
78,2023/5/11 18:38:05,119秒,微信,N/A,111.205.232.201(北京-北京),18周岁-30周岁,宁夏-银川,城市,其他少数民族〖回族〗,都没听说过,(跳过),(跳过),(跳过),(跳过),(跳过),(跳过),死┋去世┋没了┋走了,0,8,8,6,0,0,0,0,0,0,0,0,0,0,0,0,寄┋噶┋无┋4┋亖,8,0,0,4,4,0,0,0,0,0,否,土葬┋火葬,6,0,6,6,0,8,64
79,2023/5/11 18:39:23,1782秒,微信,N/A,111.42.252.28(黑龙江-哈尔滨),55周岁以上,黑龙江-哈尔滨,城市,汉族,圆寂,5,0,0,0,0,2,死┋去世┋没了┋走了,4,8,5,7,0,0,0,0,10,5,8,6,0,0,0,0,噶,0,4,0,0,0,0,0,3,0,0,是,土葬┋火葬┋水葬┋天葬,7,6,0,5,0,2,87
80,2023/5/11 18:40:00,323秒,微信,N/A,111.41.229.160(黑龙江-大庆),30周岁-55周岁,黑龙江-大庆,城市,汉族,圆寂┋归仙┋羽化┋归寂,2,2,2,2,3,2,死┋去世┋没了┋走了┋作古┋长眠┋归西┋离开人世,6,10,8,8,0,4,8,10,10,10,10,10,2,6,7,8,噶┋4,2,6,2,6,2,2,5,2,6,2,是,土葬┋火葬┋水葬┋天葬,2,2,10,2,2,2,185
81,2023/5/11 18:40:01,264秒,微信,N/A,183.9.198.217(广东-揭阳),18周岁-30周岁,宁夏-银川,城市,汉族,圆寂┋归仙┋羽化,2,2,2,2,2,2,死┋去世┋没了┋走了,4,8,6,8,2,2,2,5,8,2,4,2,2,2,2,2,寄┋噶┋无┋4┋亖,2,2,2,2,2,8,8,6,8,8,是,土葬┋火葬┋天葬,4,2,2,8,2,5,144
82,2023/5/11 18:40:12,256秒,微信,N/A,223.104.44.7(北京-北京),18周岁-30周岁,四川-成都,农村,汉族,圆寂,2,0,0,0,0,6,死┋去世┋没了┋走了┋作古┋长眠┋归西┋离开人世,2,7,10,10,1,1,1,10,10,6,6,3,2,2,2,2,寄┋噶┋无┋4┋亖,10,10,10,10,10,2,2,2,2,6,否,土葬┋火葬┋天葬,10,0,0,10,0,10,177
83,2023/5/11 18:41:06,186秒,微信,N/A,120.193.168.12(内蒙古-阿拉善),18周岁-30周岁,内蒙古-阿拉善盟,城市,其他少数民族〖蒙古族〗,都没听说过,(跳过),(跳过),(跳过),(跳过),(跳过),(跳过),去世,8,10,0,4,0,0,0,4,6,2,0,0,0,0,0,0,寄┋噶┋无,4,4,4,0,0,8,4,6,0,0,是,土葬┋火葬,4,10,0,0,0,0,78
84,2023/5/11 18:41:20,143秒,微信,N/A,111.205.232.122(北京-北京),18周岁-30周岁,山西-吕梁,农村,汉族,圆寂,3,0,0,0,0,7,死┋去世┋没了┋走了┋长眠┋归西┋离开人世,10,10,10,10,0,7,7,10,3,7,6,7,0,7,7,8,寄┋噶,10,3,0,0,0,0,0,0,0,0,是,土葬┋火葬┋水葬,10,10,0,7,0,5,164
85,2023/5/11 18:41:39,202秒,微信,N/A,36.60.82.166(安徽-合肥),18周岁-30周岁,安徽-合肥,农村,汉族,圆寂┋归仙┋羽化,2,2,2,0,0,0,死┋去世┋没了┋走了┋离开人世,8,10,10,10,0,0,0,6,5,0,0,0,0,0,0,0,寄┋噶┋无┋4┋亖,10,10,10,2,1,0,0,0,0,0,是,土葬┋火葬┋水葬┋天葬,0,5,0,5,0,4,102
86,2023/5/11 18:42:09,142秒,微信,N/A,111.42.252.28(黑龙江-哈尔滨),18周岁-30周岁,黑龙江-哈尔滨,城市,汉族,圆寂┋归仙┋羽化,2,7,6,9,6,5,去世┋走了┋离开人世,3,5,2,7,2,4,4,4,3,7,4,6,3,4,4,5,都没听说过,(跳过),(跳过),(跳过),(跳过),(跳过),(跳过),(跳过),(跳过),(跳过),(跳过),是,土葬┋火葬┋天葬,4,3,4,1,6,2,122
87,2023/5/11 18:42:42,276秒,微信,N/A,220.196.194.191(上海-上海),18周岁-30周岁,宁夏-银川,城市,其他少数民族〖回〗,圆寂┋归仙┋羽化┋归寂,4,0,1,0,2,1,死┋去世┋没了┋走了┋作古┋长眠┋归西┋离开人世,4,10,3,7,1,7,0,6,8,0,1,0,0,0,0,0,寄┋噶┋无,9,3,5,0,0,0,2,2,0,0,否,土葬┋火葬┋水葬┋天葬,10,0,0,0,0,0,86
88,2023/5/11 18:43:39,369秒,微信,N/A,219.142.237.187(北京-北京),18周岁-30周岁,安徽-滁州,农村,汉族,圆寂┋归仙┋羽化┋舍身┋归寂,2,0,0,0,1,0,死┋去世┋没了┋走了┋作古┋长眠┋归西┋离开人世,8,8,6,8,1,4,5,7,0,0,0,0,0,0,0,0,寄┋噶┋无┋4,0,3,2,0,0,10,10,10,10,10,是,土葬┋火葬┋天葬,0,0,10,10,0,0,125
89,2023/5/11 18:44:25,170秒,微信,N/A,223.104.130.120(湖南-长沙),18周岁-30周岁,河南-周口,农村,汉族,圆寂┋归仙┋羽化┋归寂,10,4,0,0,0,0,死┋去世┋没了┋走了┋作古┋长眠┋归西┋离开人世,2,10,10,4,0,0,0,4,10,9,0,0,0,0,0,0,寄┋噶┋无┋4┋亖,10,10,10,10,10,0,0,0,0,0,是,土葬┋火葬┋水葬,10,0,0,5,0,5,133
90,2023/5/11 18:46:57,106秒,微信,N/A,60.14.78.244(黑龙江-大庆),30周岁-55周岁,黑龙江-大庆,城市,汉族,圆寂┋羽化┋归寂,6,6,6,4,4,3,死┋去世┋没了┋走了┋作古┋长眠┋归西┋离开人世,4,4,3,4,4,4,4,4,4,4,4,4,4,4,4,4,噶┋无┋4,2,2,2,2,4,2,3,4,2,7,是,土葬┋火葬┋水葬┋天葬,5,2,6,2,4,4,145
91,2023/5/11 18:47:26,161秒,微信,N/A,203.93.11.155(北京-北京),18周岁-30周岁,山东-青岛,城市,汉族,圆寂┋归仙┋羽化,2,0,0,0,0,0,死┋去世┋没了┋走了┋归西┋离开人世,6,6,4,5,0,0,2,4,0,0,0,0,0,0,0,0,寄┋噶┋无┋亖,5,5,5,0,3,0,0,0,0,0,是,土葬┋水葬,7,0,0,8,0,5,67
92,2023/5/11 18:48:26,175秒,微信,N/A,111.49.74.98(宁夏-银川),18周岁-30周岁,宁夏-银川,城市,其他少数民族〖回族〗,圆寂┋归仙┋羽化┋归寂,1,1,1,1,1,0,死┋去世┋没了┋走了,1,7,6,6,1,1,1,1,4,2,2,2,1,1,1,1,寄┋噶┋无┋4┋亖,4,4,1,1,6,1,1,1,1,3,是,土葬┋火葬┋水葬,5,7,1,5,1,9,94
93,2023/5/11 18:54:21,295秒,微信,N/A,218.249.94.190(北京-北京),18周岁-30周岁,北京-西城区,城市,汉族,圆寂,2,1,1,1,1,1,死┋去世┋没了┋走了┋作古┋长眠┋归西┋离开人世,6,9,7,9,2,1,3,7,6,3,4,2,1,2,1,1,寄┋无┋亖,6,0,3,1,4,1,1,2,6,7,是,土葬┋火葬┋水葬,1,6,1,6,1,7,124
94,2023/5/11 18:55:54,639秒,微信,N/A,223.104.252.95(北京-北京),18周岁-30周岁,宁夏-银川,城市,汉族,圆寂┋归仙┋羽化,0,0,0,0,0,0,死┋去世┋没了┋走了┋作古┋长眠┋归西┋离开人世,10,10,4,8,0,1,0,6,0,0,0,0,0,0,0,0,寄┋噶┋无┋4,10,6,8,2,0,0,0,0,0,0,是,土葬┋火葬┋水葬┋天葬,10,0,0,10,0,10,95
95,2023/5/11 18:56:19,201秒,微信,N/A,114.197.194.83(黑龙江-大庆),30周岁-55周岁,黑龙江-大庆,城市,汉族,都没听说过,(跳过),(跳过),(跳过),(跳过),(跳过),(跳过),死┋去世┋没了┋走了┋作古┋长眠┋归西┋离开人世,10,10,8,6,2,2,2,2,10,10,6,6,2,2,2,6,都没听说过,(跳过),(跳过),(跳过),(跳过),(跳过),(跳过),(跳过),(跳过),(跳过),(跳过),否,土葬┋火葬┋水葬,6,10,2,8,2,2,116
96,2023/5/11 18:59:00,253秒,微信,N/A,222.244.139.100(湖南-长沙),18周岁-30周岁,黑龙江-大庆,城市,汉族,圆寂┋羽化,2,0,2,6,0,0,死┋去世┋没了┋走了┋长眠┋归西┋离开人世,3,8,10,10,0,3,4,8,5,2,2,2,0,0,0,0,寄┋噶┋无┋亖,10,10,6,2,10,0,0,0,0,0,是,土葬┋火葬┋水葬,0,6,0,6,0,0,117
97,2023/5/11 19:10:55,506秒,微信,N/A,39.144.201.208(新疆-乌鲁木齐),18周岁-30周岁,宁夏-石嘴山,城市,其他少数民族〖回族〗,都没听说过,(跳过),(跳过),(跳过),(跳过),(跳过),(跳过),去世┋没了┋走了,4,9,6,4,0,0,0,0,9,0,0,0,0,0,0,0,寄┋噶┋4┋亖,10,6,0,1,3,0,0,0,5,5,是,土葬┋火葬┋水葬┋天葬,10,6,0,0,0,5,83
98,2023/5/11 19:11:29,352秒,微信,N/A,223.104.116.81(黑龙江-哈尔滨),30周岁-55周岁,黑龙江-哈尔滨,农村,汉族,圆寂,2,0,0,0,0,0,死┋去世┋没了┋走了┋作古┋长眠┋归西┋离开人世,4,10,6,4,0,2,0,2,2,0,0,0,0,0,0,0,噶,0,0,8,0,0,0,4,0,0,0,是,土葬┋火葬┋水葬┋天葬,8,10,0,8,0,0,70
99,2023/5/11 19:12:08,1415秒,微信,N/A,124.64.16.139(北京-北京),55周岁以上,黑龙江-大庆,城市,汉族,圆寂,2,0,0,0,0,4,去世┋没了┋走了┋离开人世,9,10,6,8,2,6,1,8,9,10,6,9,5,7,4,4,都没听说过,(跳过),(跳过),(跳过),(跳过),(跳过),(跳过),(跳过),(跳过),(跳过),(跳过),否,土葬┋火葬┋水葬,8,4,0,10,4,2,138
100,2023/5/11 19:21:45,197秒,微信,N/A,124.64.18.140(北京-北京),18周岁-30周岁,江西-赣州,农村,汉族,圆寂┋归仙┋羽化┋归寂,1,5,2,1,2,3,死┋去世┋没了┋走了┋作古┋长眠┋归西┋离开人世,3,9,6,6,6,7,2,10,3,3,2,2,2,1,2,1,寄,7,1,1,1,1,2,7,0,1,1,是,土葬┋火葬┋水葬,6,4,1,1,5,4,122
101,2023/5/11 19:22:41,224秒,微信,N/A,111.41.229.251(黑龙江-大庆),30周岁-55周岁,黑龙江-大庆,城市,汉族,圆寂┋都没听说过,10,2,1,6,2,2,死┋去世┋没了┋走了,10,8,8,8,2,2,6,2,4,2,2,2,4,5,7,2,都没听说过,(跳过),(跳过),(跳过),(跳过),(跳过),(跳过),(跳过),(跳过),(跳过),(跳过),是,土葬┋火葬,6,2,3,10,3,3,124
102,2023/5/11 19:27:05,175秒,微信,N/A,185.24.122.181(国外-英国),18周岁-30周岁,宁夏-银川,城市,汉族,圆寂┋归仙┋羽化,4,2,1,0,0,0,死┋去世┋没了┋走了┋作古┋长眠┋归西┋离开人世,10,9,8,8,5,8,2,9,2,0,0,0,0,0,2,0,寄┋噶┋无,6,6,4,0,0,0,0,0,0,0,是,土葬,4,0,0,2,0,0,92
103,2023/5/11 19:31:04,160秒,微信,N/A,223.104.40.1(北京-北京),18周岁-30周岁,安徽-安庆,农村,汉族,圆寂┋羽化,0,0,0,0,0,0,死┋去世┋没了┋走了┋作古┋长眠┋归西┋离开人世,10,10,4,5,0,0,0,0,0,0,0,0,0,0,0,0,寄┋噶┋无┋4┋亖,5,0,0,0,0,5,5,5,5,5,是,土葬┋火葬┋水葬┋天葬,0,10,0,10,0,0,79
104,2023/5/11 19:56:13,259秒,微信,N/A,123.127.199.130(北京-北京),18周岁-30周岁,湖南-湘西,农村,其他少数民族〖苗族〗,圆寂┋归仙┋羽化┋舍身┋归寂,0,0,0,0,0,1,去世┋没了┋走了┋长眠┋归西┋离开人世,0,10,0,0,0,0,0,0,10,6,4,4,2,4,10,6,寄┋噶┋无┋4┋亖,4,2,5,0,0,0,0,0,0,0,是,土葬┋火葬┋水葬┋天葬,6,6,2,1,0,6,89
105,2023/5/11 20:05:03,163秒,微信,N/A,113.5.4.59(黑龙江-哈尔滨),18周岁-30周岁,黑龙江-哈尔滨,城市,汉族,圆寂,0,0,0,0,0,0,死┋去世┋没了┋走了┋长眠┋归西┋离开人世,7,5,9,5,0,0,0,4,4,4,6,2,0,0,2,2,寄┋噶┋无┋4┋亖,7,7,0,4,5,2,2,0,5,5,是,土葬┋火葬,2,5,8,2,0,0,104
106,2023/5/11 20:20:49,220秒,微信,N/A,123.167.58.224(黑龙江-哈尔滨),30周岁-55周岁,黑龙江-大庆,城市,汉族,都没听说过,(跳过),(跳过),(跳过),(跳过),(跳过),(跳过),去世┋走了┋归西,9,8,9,8,7,9,9,9,9,8,8,8,9,8,7,6,都没听说过,(跳过),(跳过),(跳过),(跳过),(跳过),(跳过),(跳过),(跳过),(跳过),(跳过),是,火葬,7,6,7,10,7,6,174
107,2023/5/11 20:41:25,305秒,微信,N/A,203.93.11.209(北京-北京),18周岁-30周岁,宁夏-银川,城市,汉族,圆寂┋归仙┋羽化┋舍身┋归寂,0,3,3,5,2,3,死┋去世┋没了┋走了┋作古┋长眠┋归西┋离开人世,5,8,7,7,7,8,5,8,9,1,2,2,1,1,1,2,寄┋噶┋无┋4,9,2,7,1,0,5,3,3,2,1,是,土葬┋火葬┋水葬┋天葬,3,6,0,9,0,8,149
108,2023/5/11 20:50:23,359秒,微信,N/A,60.218.143.143(黑龙江-大庆),30周岁-55周岁,北京-西城区,城市,汉族,圆寂┋羽化,2,2,2,8,2,8,死┋去世┋走了┋作古┋归西┋离开人世,4,6,4,4,2,2,2,4,6,5,4,3,2,7,2,4,4┋亖,2,3,2,5,2,5,4,8,4,4,是,土葬┋火葬┋水葬┋天葬┋其他方式〖海葬〗,2,6,2,8,3,2,147
109,2023/5/11 20:53:44,263秒,微信,N/A,203.93.11.56(北京-北京),18周岁-30周岁,新疆-乌鲁木齐,城市,汉族,圆寂┋归仙┋羽化┋舍身,0,0,0,0,0,1,死┋去世┋没了┋走了┋长眠┋归西┋离开人世,1,2,2,2,0,1,0,1,3,1,1,1,1,1,1,1,寄┋噶┋无┋4┋亖,4,4,3,1,0,0,0,0,1,1,否,土葬┋火葬,0,0,0,1,10,1,46
110,2023/5/11 20:57:24,161秒,微信,N/A,39.144.58.239(辽宁-铁岭),30周岁-55周岁,江苏-南京,城市,汉族,圆寂┋羽化,4,1,2,1,1,1,死┋去世┋走了,4,8,1,8,1,1,1,1,1,1,1,1,1,1,1,1,都没听说过,(跳过),(跳过),(跳过),(跳过),(跳过),(跳过),(跳过),(跳过),(跳过),(跳过),是,土葬┋火葬,1,1,1,10,1,1,58
111,2023/5/11 21:00:34,319秒,微信,N/A,111.43.249.88(黑龙江-大庆),30周岁-55周岁,黑龙江-牡丹江,农村,汉族,圆寂┋归仙┋羽化,10,1,1,1,1,1,去世┋没了┋走了,4,10,10,10,0,0,0,0,0,0,0,0,0,0,0,0,4,1,0,9,1,1,1,1,1,2,2,否,土葬┋火葬┋水葬┋天葬,10,10,0,0,0,0,88
112,2023/5/11 21:04:27,202秒,微信,N/A,202.120.235.38(上海-上海),18周岁-30周岁,安徽-合肥,城市,汉族,圆寂┋归仙┋羽化┋舍身┋归寂,6,2,2,0,0,2,死┋去世┋没了┋走了┋作古┋长眠┋归西┋离开人世,10,6,2,2,0,0,0,4,0,0,0,0,0,0,0,0,寄┋噶┋无┋4┋亖,10,4,4,8,0,0,0,0,0,0,是,土葬┋火葬┋水葬┋天葬,8,6,0,4,0,4,84
113,2023/5/11 21:16:58,183秒,微信,N/A,117.179.96.190(黑龙江-大庆),30周岁-55周岁,黑龙江-大庆,城市,汉族,圆寂┋归仙┋羽化┋舍身,1,1,1,1,1,0,死┋去世┋没了┋走了┋作古┋长眠┋归西┋离开人世,10,10,10,10,1,1,1,1,0,0,0,0,0,0,0,0,都没听说过,(跳过),(跳过),(跳过),(跳过),(跳过),(跳过),(跳过),(跳过),(跳过),(跳过),是,土葬┋火葬┋水葬┋天葬,0,10,0,10,0,0,69
114,2023/5/11 21:49:34,147秒,微信,N/A,42.102.143.85(黑龙江-哈尔滨),30周岁-55周岁,黑龙江-大庆,城市,汉族,圆寂,1,2,4,3,3,9,死┋去世┋没了┋走了┋归西┋离开人世,9,9,9,9,0,6,2,8,10,2,3,4,6,7,4,6,都没听说过,(跳过),(跳过),(跳过),(跳过),(跳过),(跳过),(跳过),(跳过),(跳过),(跳过),是,土葬┋火葬┋天葬,9,4,4,5,4,10,152
115,2023/5/11 21:50:19,261秒,微信,N/A,112.101.102.4(黑龙江-大庆),30周岁-55周岁,黑龙江-大庆,城市,汉族,圆寂┋归仙┋羽化,2,0,0,0,0,0,死┋去世┋没了┋走了┋归西┋离开人世,3,10,4,4,0,1,4,6,9,2,2,1,0,1,2,1,寄┋噶,5,8,0,0,0,1,2,0,0,0,否,土葬┋火葬┋水葬┋天葬┋其他方式〖海葬、太空葬〗,10,0,0,0,0,2,80
116,2023/5/11 22:12:11,334秒,企业微信,N/A,122.156.210.35(黑龙江-大庆),30周岁-55周岁,黑龙江-大庆,城市,汉族,圆寂┋归仙,2,0,0,0,0,0,死┋去世┋没了┋走了┋长眠┋归西┋离开人世,8,10,4,5,0,4,2,7,1,1,0,0,0,0,0,0,噶,0,1,0,0,0,0,0,0,0,0,是,土葬┋火葬┋水葬,1,5,0,4,0,2,57
117,2023/5/11 22:12:37,276秒,微信,N/A,39.154.71.135(内蒙古-乌海),18周岁-30周岁,黑龙江-哈尔滨,城市,汉族,圆寂┋归仙┋羽化┋舍身┋归寂,2,3,4,8,1,4,死┋去世┋没了┋走了┋长眠┋归西┋离开人世,8,3,3,4,2,3,2,3,2,2,2,2,3,3,3,2,噶,3,5,2,5,4,9,2,3,10,5,否,土葬┋火葬┋水葬┋天葬,0,3,4,10,4,10,148
118,2023/5/11 22:17:21,113秒,微信,N/A,117.136.38.157(北京-北京),18周岁-30周岁,新疆-乌鲁木齐,城市,汉族,圆寂┋归仙┋羽化┋舍身┋归寂,4,0,0,0,0,0,死┋去世┋没了┋走了┋作古┋长眠┋归西┋离开人世,2,6,5,6,0,0,0,0,0,0,0,0,0,0,0,0,寄┋噶┋无┋4,0,0,0,0,0,0,0,0,0,0,否,土葬┋火葬┋天葬,0,0,0,10,0,5,38
119,2023/5/11 22:18:14,344秒,微信,N/A,112.101.121.68(黑龙江-大庆),30周岁-55周岁,黑龙江-大庆,城市,汉族,圆寂┋归仙┋羽化┋归寂,2,1,1,2,1,0,死┋去世┋没了┋走了┋作古┋长眠┋归西┋离开人世,10,8,6,8,2,1,1,8,6,4,3,2,2,2,2,3,噶┋4,0,3,0,2,0,0,1,0,1,0,是,土葬┋火葬┋水葬┋天葬,10,0,0,0,0,10,102
120,2023/5/11 22:20:29,196秒,微信,N/A,36.132.156.15(黑龙江-齐齐哈尔),30周岁-55周岁,黑龙江-齐齐哈尔,农村,汉族,都没听说过,(跳过),(跳过),(跳过),(跳过),(跳过),(跳过),死┋去世┋没了┋走了┋长眠┋归西┋离开人世,10,8,8,8,2,2,2,2,10,10,10,10,1,2,2,6,都没听说过,(跳过),(跳过),(跳过),(跳过),(跳过),(跳过),(跳过),(跳过),(跳过),(跳过),否,土葬┋火葬,10,2,1,10,1,9,126
121,2023/5/11 22:23:54,310秒,微信,N/A,113.1.184.155(黑龙江-大庆),30周岁-55周岁,黑龙江-大庆,城市,汉族,圆寂┋归仙┋羽化┋舍身┋归寂,10,0,0,0,0,0,死┋去世┋没了┋走了┋作古┋长眠┋归西┋离开人世,4,8,7,6,1,1,3,3,0,0,0,0,0,0,0,0,噶┋4,0,1,0,0,0,0,0,0,0,0,否,土葬┋火葬┋水葬┋天葬,0,0,0,0,0,0,44
122,2023/5/11 22:25:04,207秒,微信,N/A,221.209.241.3(黑龙江-大庆),30周岁-55周岁,黑龙江-大庆,城市,汉族,圆寂┋归仙┋舍身,4,8,2,2,2,4,死┋去世┋没了┋走了┋作古┋长眠┋归西┋离开人世,6,10,5,2,2,2,2,2,8,8,8,2,3,3,2,2,噶┋4,2,8,2,2,2,2,2,2,2,2,是,土葬┋火葬,6,2,2,10,2,6,143
123,2023/5/11 22:25:05,209秒,微信,N/A,111.41.229.78(黑龙江-大庆),30周岁-55周岁,黑龙江-大庆,城市,汉族,圆寂┋归寂,2,0,2,5,2,2,死┋去世┋没了┋走了┋长眠┋归西┋离开人世,10,10,10,10,0,10,10,10,4,4,4,4,0,4,5,4,都没听说过,(跳过),(跳过),(跳过),(跳过),(跳过),(跳过),(跳过),(跳过),(跳过),(跳过),是,土葬┋火葬┋水葬,6,6,2,10,7,5,148
124,2023/5/11 22:28:01,192秒,微信,N/A,223.104.204.86(陕西-西安),18周岁-30周岁,黑龙江-大庆,城市,汉族,圆寂┋归仙┋羽化┋归寂,0,0,0,0,0,0,死┋去世┋没了┋走了┋长眠┋归西┋离开人世,6,10,10,10,0,0,0,2,2,0,0,0,0,0,0,0,寄┋噶┋无┋4┋亖,10,0,10,0,10,0,0,0,7,0,是,土葬┋火葬┋天葬,2,0,0,10,0,5,94
125,2023/5/11 22:28:11,321秒,微信,N/A,42.103.6.90(黑龙江-齐齐哈尔),30周岁-55周岁,黑龙江-齐齐哈尔,城市,汉族,圆寂┋归仙┋羽化┋归寂,5,2,2,2,6,7,死┋去世┋没了┋走了┋长眠┋归西┋离开人世,9,9,10,8,9,7,10,8,1,1,1,2,2,2,2,1,噶┋4,0,0,0,2,3,0,2,2,2,2,否,土葬┋火葬┋天葬,4,2,1,7,2,1,136
126,2023/5/11 22:34:21,212秒,微信,N/A,111.40.115.143(黑龙江-鹤岗),30周岁-55周岁,黑龙江-大庆,城市,汉族,圆寂┋归仙┋羽化┋舍身┋归寂,0,10,0,9,2,2,死┋去世┋没了┋走了┋作古┋长眠┋归西┋离开人世,10,10,10,10,0,2,10,10,4,4,3,4,0,0,0,4,噶,0,7,0,0,0,1,2,2,1,2,是,土葬┋火葬┋水葬┋天葬,10,2,2,2,2,10,147
127,2023/5/11 22:39:28,559秒,微信,N/A,112.101.127.79(黑龙江-大庆),30周岁-55周岁,黑龙江-大庆,城市,汉族,圆寂,1,0,0,0,0,2,去世,0,1,0,0,0,0,0,0,0,0,0,0,0,0,0,0,都没听说过,(跳过),(跳过),(跳过),(跳过),(跳过),(跳过),(跳过),(跳过),(跳过),(跳过),否,火葬,0,6,0,5,0,5,20
128,2023/5/11 22:40:56,234秒,微信,N/A,1.59.70.68(黑龙江-大庆),30周岁-55周岁,吉林-四平,城市,其他少数民族〖满族〗,圆寂┋羽化┋归寂,2,0,0,0,0,0,死┋去世┋没了┋走了┋归西┋离开人世,10,10,10,10,0,0,0,3,6,0,0,0,0,0,0,0,噶,0,6,0,0,0,0,0,0,0,0,是,土葬┋火葬┋水葬┋天葬,10,0,0,0,0,1,68
129,2023/5/11 22:45:11,840秒,微信,N/A,111.41.229.94(黑龙江-大庆),55周岁以上,黑龙江-大庆,城市,汉族,圆寂┋归仙,5,4,1,1,1,3,死┋去世┋没了,10,2,7,2,1,1,1,1,1,1,1,1,1,1,9,1,4┋都没听说过,7,1,1,1,1,1,1,1,1,1,是,土葬┋火葬,10,1,1,2,1,3,90
130,2023/5/11 22:49:44,339秒,微信,N/A,43.242.153.65(新疆-乌鲁木齐),30周岁-55周岁,黑龙江-齐齐哈尔,农村,汉族,圆寂┋归仙┋羽化┋归寂,2,7,2,2,2,0,死┋去世┋没了┋走了┋长眠┋归西┋离开人世,9,10,10,10,2,8,2,9,7,5,7,8,2,0,8,5,噶,0,3,2,6,2,4,8,9,9,5,是,土葬┋火葬┋水葬,2,6,2,2,0,0,177
131,2023/5/11 23:05:54,232秒,微信,N/A,223.104.42.121(北京-北京),18周岁-30周岁,辽宁-丹东,城市,汉族,圆寂┋归仙┋羽化,6,6,6,0,0,0,死┋去世┋没了┋走了┋作古┋长眠┋归西┋离开人世,10,10,8,8,4,2,2,4,6,0,0,0,0,0,0,0,寄┋噶┋无┋4┋亖,8,6,2,2,2,2,6,4,8,8,是,土葬┋火葬┋水葬┋天葬,8,5,2,7,6,0,148
132,2023/5/11 23:30:30,140秒,微信,N/A,203.93.11.206(北京-北京),18周岁-30周岁,河南-信阳,城市,汉族,圆寂┋归仙┋羽化┋舍身┋归寂,0,0,0,0,0,0,死┋去世┋没了┋走了┋作古┋长眠┋归西┋离开人世,9,9,4,6,0,0,0,4,0,0,0,0,0,0,0,0,寄┋噶┋无┋4┋亖,7,0,0,0,1,0,0,0,0,0,否,土葬┋火葬┋水葬┋天葬,9,5,2,7,0,10,73
133,2023/5/11 23:52:27,307秒,微信,N/A,60.15.136.116(黑龙江-绥化),30周岁-55周岁,黑龙江-大庆,城市,汉族,圆寂┋归仙┋羽化,2,1,1,1,0,0,没了,4,6,9,7,2,1,10,1,0,0,0,0,0,0,0,0,都没听说过,(跳过),(跳过),(跳过),(跳过),(跳过),(跳过),(跳过),(跳过),(跳过),(跳过),否,土葬┋火葬┋天葬,10,0,0,7,0,0,62
134,2023/5/12 5:23:10,269秒,微信,N/A,113.6.145.112(黑龙江-大庆),55周岁以上,黑龙江-大庆,城市,汉族,圆寂┋归寂,0,0,7,0,0,1,死┋去世┋没了┋走了┋作古┋长眠┋离开人世,8,10,8,6,0,0,0,1,8,8,6,3,0,0,0,2,都没听说过,(跳过),(跳过),(跳过),(跳过),(跳过),(跳过),(跳过),(跳过),(跳过),(跳过),是,土葬┋火葬┋水葬,8,2,0,10,7,0,95
135,2023/5/12 6:02:00,386秒,微信,N/A,36.132.174.111(黑龙江-大庆),30周岁-55周岁,黑龙江-大庆,城市,汉族,都没听说过,(跳过),(跳过),(跳过),(跳过),(跳过),(跳过),去世,2,7,5,4,0,0,0,0,6,4,4,4,4,4,0,4,噶,0,5,0,0,0,3,2,3,3,3,是,土葬,4,4,0,0,0,0,75
136,2023/5/12 6:04:16,472秒,微信,N/A,1.61.192.180(黑龙江-齐齐哈尔),30周岁-55周岁,黑龙江-齐齐哈尔,农村,汉族,圆寂┋舍身┋归寂,8,0,1,6,1,2,死┋去世┋没了┋走了┋长眠┋归西┋离开人世,10,10,10,6,1,4,2,2,4,4,4,2,1,1,9,1,都没听说过,(跳过),(跳过),(跳过),(跳过),(跳过),(跳过),(跳过),(跳过),(跳过),(跳过),是,土葬┋火葬┋水葬┋天葬,6,8,1,7,1,10,122
137,2023/5/12 6:25:54,282秒,微信,N/A,112.101.126.151(黑龙江-大庆),30周岁-55周岁,黑龙江-大庆,城市,汉族,圆寂,6,1,7,5,1,2,去世┋走了┋离开人世,1,8,1,6,1,1,1,1,1,4,3,2,1,10,1,1,都没听说过,(跳过),(跳过),(跳过),(跳过),(跳过),(跳过),(跳过),(跳过),(跳过),(跳过),是,土葬┋火葬┋天葬,4,1,2,1,1,2,76
138,2023/5/12 6:36:54,240秒,微信,N/A,202.97.218.86(黑龙江-大庆),30周岁-55周岁,黑龙江-大庆,城市,汉族,圆寂┋归仙┋羽化┋舍身┋归寂┋都没听说过,2,4,6,8,5,1,死┋去世┋没了┋走了┋作古┋长眠┋归西┋离开人世,5,8,9,10,10,9,10,9,1,1,1,1,1,2,2,2,都没听说过,(跳过),(跳过),(跳过),(跳过),(跳过),(跳过),(跳过),(跳过),(跳过),(跳过),是,土葬┋火葬┋水葬┋天葬,9,8,8,6,1,1,140
139,2023/5/12 6:52:38,293秒,微信,N/A,112.101.115.121(黑龙江-大庆),30周岁-55周岁,黑龙江-哈尔滨,城市,汉族,圆寂┋归寂,0,0,0,0,0,0,死┋去世┋没了┋走了┋作古┋长眠┋归西┋离开人世,10,10,10,10,0,8,0,3,0,0,0,0,0,0,0,0,噶┋4,0,0,0,0,0,0,0,0,0,0,否,土葬┋火葬┋水葬┋天葬,10,2,0,10,0,0,73
140,2023/5/12 7:16:12,416秒,微信,N/A,36.132.175.51(黑龙江-大庆),30周岁-55周岁,黑龙江-大庆,城市,汉族,圆寂┋羽化┋舍身,1,0,1,0,0,0,死┋去世┋没了┋走了┋归西,5,8,6,4,0,0,2,0,6,0,4,0,0,0,0,0,寄┋噶┋4,3,5,0,1,0,0,0,0,0,0,是,土葬┋火葬,0,1,0,0,0,0,47
141,2023/5/12 7:45:26,287秒,微信,N/A,117.179.212.81(黑龙江-大庆),30周岁-55周岁,黑龙江-大庆,城市,汉族,圆寂┋归仙┋羽化┋归寂,0,2,0,0,0,0,死┋去世┋没了┋走了┋作古┋长眠┋归西┋离开人世,4,6,2,2,2,8,2,0,0,0,0,0,0,0,0,0,噶,0,2,0,0,0,0,0,0,0,0,否,土葬┋火葬,0,0,0,10,0,0,40
142,2023/5/12 8:57:35,660秒,微信,N/A,223.104.113.122(黑龙江-哈尔滨),30周岁-55周岁,黑龙江-大庆,农村,其他少数民族〖满〗,圆寂┋归仙┋归寂,6,1,5,2,6,8,去世┋走了,7,5,2,5,2,1,6,2,6,8,2,1,1,2,2,2,都没听说过,(跳过),(跳过),(跳过),(跳过),(跳过),(跳过),(跳过),(跳过),(跳过),(跳过),是,土葬┋火葬┋水葬,7,7,1,9,1,4,111
143,2023/5/12 12:04:16,370秒,微信,N/A,1.59.108.219(黑龙江-大庆),30周岁-55周岁,黑龙江-大庆,城市,汉族,圆寂┋归仙┋羽化┋舍身,5,4,4,8,1,0,死┋去世┋没了┋走了┋长眠┋归西┋离开人世,8,10,8,9,4,7,6,9,6,4,5,6,1,6,6,10,都没听说过,(跳过),(跳过),(跳过),(跳过),(跳过),(跳过),(跳过),(跳过),(跳过),(跳过),否,土葬┋火葬┋水葬┋天葬,3,0,1,6,1,3,141
144,2023/5/12 14:40:38,236秒,微信,N/A,120.244.161.61(北京-北京),55周岁以上,黑龙江-大庆,城市,汉族,圆寂┋归仙┋羽化┋舍身┋归寂,8,3,10,2,9,0,死┋去世┋没了┋走了┋作古┋长眠┋归西┋离开人世,6,10,8,6,3,8,2,2,0,0,0,0,0,0,0,0,都没听说过,(跳过),(跳过),(跳过),(跳过),(跳过),(跳过),(跳过),(跳过),(跳过),(跳过),是,土葬┋火葬┋水葬┋天葬,0,0,0,0,1,0,78
145,2023/5/12 17:11:08,214秒,微信,N/A,124.224.44.123(宁夏-银川),18周岁-30周岁,宁夏-银川,城市,汉族,圆寂┋归仙┋羽化┋归寂,0,4,2,0,0,0,死┋去世┋没了┋走了┋作古┋长眠┋归西┋离开人世,8,8,8,8,0,0,3,4,6,0,2,0,0,0,7,0,寄┋噶┋无┋4┋亖,4,4,0,0,0,0,0,0,0,0,是,土葬┋火葬┋水葬┋天葬,2,10,0,4,0,4,88
146,2023/5/12 18:10:57,189秒,微信,N/A,223.104.40.84(北京-北京),18周岁-30周岁,陕西-宝鸡,城市,汉族,圆寂┋归仙┋羽化,1,0,0,0,0,6,死┋去世┋没了┋走了,2,8,6,8,0,0,0,0,8,6,5,5,0,0,0,0,寄┋噶┋无┋4┋亖,9,9,8,4,4,1,1,1,4,4,是,土葬┋火葬┋天葬,6,0,0,6,0,0,112
147,2023/5/12 18:11:08,101秒,微信,N/A,218.249.94.160(北京-北京),18周岁-30周岁,湖南-株洲,城市,汉族,圆寂┋归仙┋羽化┋归寂,3,3,3,1,1,1,死┋去世┋没了┋走了┋作古┋长眠┋归西┋离开人世,7,9,9,9,2,4,2,8,5,5,5,2,1,2,2,2,寄┋噶┋无┋4┋亖,8,3,8,8,7,3,2,2,3,1,是,土葬┋火葬┋水葬,8,7,4,10,0,1,161
148,2023/5/12 18:11:40,210秒,微信,N/A,218.94.133.179(江苏-南京),18周岁-30周岁,贵州-黔南,城市,汉族,圆寂┋归仙┋羽化┋舍身┋归寂,0,1,2,0,1,0,死┋去世┋没了┋走了┋长眠┋归西┋离开人世,5,7,4,3,0,3,3,5,0,0,0,0,0,0,0,0,寄┋噶┋无┋4┋亖,6,4,3,3,5,0,0,0,0,0,是,土葬┋火葬┋水葬,1,0,0,6,0,1,63
149,2023/5/12 18:25:06,142秒,微信,N/A,180.166.197.75(上海-上海),18周岁-30周岁,贵州-毕节,城市,汉族,圆寂┋归仙┋羽化┋归寂,1,0,0,0,0,0,死┋去世┋没了┋走了┋长眠┋归西┋离开人世,10,10,10,10,1,4,5,9,4,0,0,0,0,0,0,0,寄┋噶┋无┋4┋亖,10,10,10,8,6,6,6,2,1,0,否,土葬┋火葬,6,8,2,10,0,9,158
150,2023/5/12 18:32:35,164秒,微信,N/A,42.91.6.37(甘肃-兰州),18周岁-30周岁,贵州-黔南,城市,其他少数民族〖布依族〗,舍身,0,0,0,1,1,2,死,2,1,0,2,3,2,2,2,5,5,1,4,3,4,6,5,寄,10,1,4,4,5,5,4,5,10,0,否,土葬,10,4,4,4,5,4,130
151,2023/5/12 18:35:04,316秒,微信,N/A,49.90.61.60(江苏-南京),18周岁-30周岁,贵州-贵阳,城市,其他少数民族〖侗族〗,圆寂┋归仙┋羽化┋舍身┋归寂,2,0,2,0,0,0,死┋去世┋没了┋走了┋作古┋长眠┋归西┋离开人世,10,10,8,8,0,0,2,0,2,0,2,0,0,0,0,1,寄┋噶┋无┋4┋亖,10,6,0,6,4,0,0,0,2,0,是,土葬┋火葬┋水葬┋天葬,0,8,2,6,0,0,91
152,2023/5/12 18:39:16,148秒,微信,N/A,111.205.233.145(北京-北京),18周岁-30周岁,四川-成都,城市,汉族,圆寂┋羽化┋舍身,10,0,6,1,0,0,死┋去世┋没了┋走了┋作古┋长眠┋离开人世,10,10,6,8,1,8,0,4,0,0,0,0,0,0,0,0,寄┋噶┋无┋4┋亖,2,1,4,1,1,0,0,0,1,0,否,土葬┋火葬┋水葬┋天葬,0,0,0,10,0,4,88
153,2023/5/12 18:39:58,276秒,微信,N/A,162.105.14.95(北京-北京),18周岁-30周岁,贵州-毕节,农村,其他少数民族〖满族〗,圆寂┋归仙┋羽化,1,8,1,0,0,4,死┋去世┋没了┋走了┋长眠┋归西┋离开人世,6,10,4,6,0,2,4,6,10,6,4,2,0,2,6,6,寄┋4,2,0,1,4,0,2,2,4,10,6,是,土葬┋火葬┋天葬,4,8,0,2,0,2,135
154,2023/5/12 18:55:51,177秒,微信,N/A,218.249.94.145(北京-北京),18周岁-30周岁,贵州-遵义,城市,汉族,圆寂┋归仙,1,1,1,0,0,2,死┋去世┋没了┋走了┋作古┋长眠┋归西┋离开人世,8,8,4,6,2,2,2,8,1,0,2,0,0,0,0,0,寄┋噶┋4┋亖,8,8,0,0,6,0,0,0,0,0,是,土葬┋火葬┋水葬┋天葬,6,0,0,8,0,10,94
155,2023/5/12 19:18:41,223秒,微信,N/A,117.136.101.142(安徽-合肥),18周岁-30周岁,贵州-黔南,城市,其他少数民族〖布依族〗,圆寂┋归仙┋羽化┋舍身,2,1,1,1,0,0,死┋去世┋没了┋走了┋作古┋长眠┋归西┋离开人世,8,8,5,7,2,1,4,7,5,2,8,0,0,1,0,0,寄┋噶┋无,7,6,4,0,0,5,6,3,0,0,是,土葬┋火葬┋天葬,7,7,0,7,0,2,117
156,2023/5/12 19:22:13,135秒,微信,N/A,39.144.40.183(上海-上海),18周岁-30周岁,贵州-六盘水,城市,汉族,圆寂┋归仙┋羽化,10,4,10,1,1,0,死┋去世┋没了┋走了┋作古┋长眠┋归西┋离开人世,5,8,6,2,1,1,10,4,4,1,1,1,1,1,1,1,寄┋噶┋无┋4┋亖,10,10,10,10,4,1,1,1,1,3,是,土葬┋火葬┋水葬┋天葬,6,1,1,10,1,3,147
157,2023/5/12 19:29:24,143秒,微信,N/A,60.29.153.44(天津-天津),18周岁-30周岁,贵州-遵义,城市,汉族,圆寂┋归仙┋羽化┋归寂,0,0,0,0,0,0,死┋去世┋没了┋走了┋作古┋长眠┋归西┋离开人世,9,9,10,10,1,1,3,1,0,0,0,0,0,0,0,0,寄┋噶┋无┋4┋亖,10,1,7,3,2,0,0,0,5,5,是,火葬,0,8,0,10,0,0,95
158,2023/5/12 20:02:26,368秒,微信,N/A,223.104.113.83(黑龙江-哈尔滨),30周岁-55周岁,黑龙江-大庆,城市,汉族,圆寂┋归仙┋羽化┋舍身┋归寂,2,1,1,1,1,2,去世┋没了┋走了┋作古┋长眠┋归西┋离开人世,2,2,6,4,2,2,0,2,8,2,0,2,6,6,8,6,噶┋4,1,2,1,1,1,0,2,2,6,2,是,土葬┋火葬┋水葬┋天葬,2,4,1,1,1,3,96
159,2023/5/12 20:39:07,117秒,微信,N/A,58.48.27.143(湖北-武汉),18周岁-30周岁,贵州-贵阳,城市,汉族,圆寂┋归仙┋羽化┋舍身┋归寂,2,2,2,1,1,0,死┋去世┋没了┋走了┋作古┋长眠┋归西┋离开人世,10,10,10,10,2,3,5,9,0,0,0,0,0,0,0,0,寄┋噶┋无┋4┋亖,10,2,8,2,4,0,0,0,0,0,是,土葬┋火葬┋水葬┋天葬,10,7,4,8,0,5,127
160,2023/5/12 20:48:14,271秒,微信,N/A,116.171.9.230(贵州-安顺),30周岁-55周岁,贵州-黔南,城市,汉族,圆寂┋归仙┋羽化┋归寂,1,1,1,1,1,1,去世┋走了┋作古┋归西┋离开人世,1,9,10,4,1,1,1,2,2,8,1,0,1,1,1,1,都没听说过,(跳过),(跳过),(跳过),(跳过),(跳过),(跳过),(跳过),(跳过),(跳过),(跳过),是,土葬┋火葬┋水葬,2,1,1,1,1,1,57
161,2023/5/13 10:23:16,2686秒,微信,N/A,211.138.116.137(浙江-宁波),55周岁以上,黑龙江-大庆,城市,汉族,都没听说过,(跳过),(跳过),(跳过),(跳过),(跳过),(跳过),离开人世,5,8,2,2,2,9,2,10,2,2,4,2,2,4,2,6,都没听说过,(跳过),(跳过),(跳过),(跳过),(跳过),(跳过),(跳过),(跳过),(跳过),(跳过),是,土葬┋火葬┋水葬,8,2,2,6,3,2,87
162,2023/5/13 10:36:29,664秒,微信,N/A,112.10.222.11(浙江-杭州),55周岁以上,黑龙江-哈尔滨,城市,汉族,都没听说过,(跳过),(跳过),(跳过),(跳过),(跳过),(跳过),离开人世,6,8,6,8,2,6,4,8,4,4,4,4,7,3,2,4,都没听说过,(跳过),(跳过),(跳过),(跳过),(跳过),(跳过),(跳过),(跳过),(跳过),(跳过),是,土葬┋火葬,5,2,2,9,4,3,105
163,2023/5/13 11:24:43,356秒,微信,N/A,42.102.105.17(黑龙江-大庆),55周岁以上,黑龙江-绥化,农村,汉族,圆寂┋归仙┋羽化┋舍身┋归寂,8,5,3,2,7,1,死┋去世┋没了┋走了┋作古┋长眠┋归西┋离开人世,6,9,4,3,2,2,2,6,4,2,9,2,2,2,2,2,都没听说过,(跳过),(跳过),(跳过),(跳过),(跳过),(跳过),(跳过),(跳过),(跳过),(跳过),是,土葬┋火葬┋水葬┋天葬,6,4,0,8,2,2,107
164,2023/5/15 22:21:58,134秒,手机提交,直接访问,223.104.41.76(北京-北京),30周岁-55周岁,北京-朝阳区,城市,汉族,圆寂,0,0,0,0,0,6,死┋去世┋没了┋走了┋作古┋长眠┋归西┋离开人世,2,10,4,10,3,8,5,2,10,3,9,6,6,6,8,4,都没听说过,(跳过),(跳过),(跳过),(跳过),(跳过),(跳过),(跳过),(跳过),(跳过),(跳过),是,土葬┋火葬┋水葬┋天葬,2,0,0,10,0,10,124
165,2023/5/15 23:03:37,173秒,微信,N/A,94.228.240.143(国外-俄罗斯),18周岁-30周岁,宁夏-银川,城市,其他少数民族〖满族〗,圆寂┋归仙,2,1,1,1,1,1,死┋去世┋没了┋走了┋作古┋长眠┋归西┋离开人世,6,6,6,6,5,6,6,6,1,1,1,1,1,1,1,1,噶┋亖,1,2,1,1,6,1,1,1,1,1,是,土葬┋火葬┋水葬┋天葬,3,1,1,1,3,5,92
166,2023/5/15 23:15:31,682秒,微信,N/A,111.49.36.15(宁夏-银川),55周岁以上,宁夏-银川,城市,其他少数民族〖回族〗,圆寂┋归仙┋归寂,2,10,7,6,8,5,死┋去世┋走了┋长眠┋归西┋离开人世,5,10,4,10,2,10,4,9,9,10,5,10,1,10,9,10,都没听说过,(跳过),(跳过),(跳过),(跳过),(跳过),(跳过),(跳过),(跳过),(跳过),(跳过),否,土葬┋火葬,10,2,3,4,2,10,187
167,2023/5/16 0:10:40,614秒,微信,N/A,111.49.75.176(宁夏-银川),30周岁-55周岁,宁夏-银川,城市,其他少数民族〖回族〗,圆寂┋归仙┋羽化┋舍身┋归寂,5,9,0,7,5,0,死┋去世┋没了┋走了┋作古┋长眠┋归西┋离开人世,4,8,5,5,0,5,6,5,1,7,5,5,0,6,5,6,都没听说过,(跳过),(跳过),(跳过),(跳过),(跳过),(跳过),(跳过),(跳过),(跳过),(跳过),是,土葬┋火葬┋水葬┋天葬,6,0,0,6,0,0,111
168,2023/5/16 8:15:51,225秒,微信,N/A,220.200.243.14(安徽-未知),30周岁-55周岁,宁夏-银川,城市,其他少数民族〖回族〗,圆寂,2,0,0,0,0,2,死┋去世┋没了┋走了┋离开人世,6,8,9,10,1,1,1,1,10,0,0,0,0,0,0,0,都没听说过,(跳过),(跳过),(跳过),(跳过),(跳过),(跳过),(跳过),(跳过),(跳过),(跳过),否,土葬┋火葬,10,0,0,0,0,5,66
169,2023/5/16 8:27:28,516秒,微信,N/A,39.144.75.111(北京-北京),30周岁-55周岁,宁夏-石嘴山,农村,其他少数民族〖回族〗,都没听说过,(跳过),(跳过),(跳过),(跳过),(跳过),(跳过),离开人世,4,8,0,2,0,9,7,9,4,0,0,6,8,2,2,7,都没听说过,(跳过),(跳过),(跳过),(跳过),(跳过),(跳过),(跳过),(跳过),(跳过),(跳过),否,土葬,10,0,9,2,2,0,91
170,2023/5/16 8:35:53,526秒,微信,N/A,111.49.139.178(宁夏-石嘴山),30周岁-55周岁,宁夏-石嘴山,城市,其他少数民族〖回族〗,都没听说过,(跳过),(跳过),(跳过),(跳过),(跳过),(跳过),死┋去世┋没了┋走了┋长眠┋归西┋离开人世,10,7,5,3,0,2,3,1,4,0,0,0,0,9,0,0,无,4,3,2,9,10,4,3,3,2,3,是,土葬┋火葬,5,3,2,7,3,10,117
171,2023/5/16 8:41:23,339秒,微信,N/A,39.144.73.248(宁夏-石嘴山),18周岁-30周岁,宁夏-石嘴山,农村,其他少数民族〖回族〗,圆寂┋舍身┋归寂,6,1,1,2,6,4,去世┋没了┋走了┋长眠┋归西┋离开人世,2,8,8,8,1,2,4,5,0,6,6,6,1,4,2,4,噶,1,2,1,1,1,1,1,1,1,1,是,土葬┋火葬┋天葬,8,1,1,2,0,4,114
172,2023/5/16 8:53:49,217秒,微信,N/A,111.49.253.166(宁夏-石嘴山),18周岁-30周岁,宁夏-石嘴山,城市,其他少数民族〖回族〗,都没听说过,(跳过),(跳过),(跳过),(跳过),(跳过),(跳过),去世┋走了,8,6,2,5,7,2,1,2,8,8,6,8,2,6,5,5,都没听说过,(跳过),(跳过),(跳过),(跳过),(跳过),(跳过),(跳过),(跳过),(跳过),(跳过),否,土葬┋火葬,8,2,2,4,5,8,110
173,2023/5/16 9:01:34,489秒,微信,N/A,111.112.155.83(宁夏-石嘴山),30周岁-55周岁,宁夏-石嘴山,城市,其他少数民族〖回族〗,圆寂┋归仙,4,9,2,6,2,5,死┋去世┋没了┋走了,3,3,7,7,2,9,9,5,6,9,9,3,4,9,2,4,都没听说过,(跳过),(跳过),(跳过),(跳过),(跳过),(跳过),(跳过),(跳过),(跳过),(跳过),否,土葬,7,2,2,2,2,4,138
174,2023/5/16 9:18:33,309秒,微信,N/A,111.49.253.175(宁夏-石嘴山),30周岁-55周岁,宁夏-石嘴山,城市,汉族,圆寂┋羽化,0,0,0,0,0,5,死┋去世┋没了┋走了┋作古┋长眠┋归西┋离开人世,4,5,6,6,2,8,2,10,10,6,6,6,6,10,6,8,都没听说过,(跳过),(跳过),(跳过),(跳过),(跳过),(跳过),(跳过),(跳过),(跳过),(跳过),是,土葬┋火葬┋水葬┋天葬,2,5,1,6,10,8,138
175,2023/5/16 9:39:59,1110秒,微信,N/A,119.60.140.17(宁夏-石嘴山),30周岁-55周岁,宁夏-银川,城市,其他少数民族〖回〗,圆寂┋归仙┋舍身,0,0,00,0,0,0,死┋去世┋没了┋走了┋长眠┋归西┋离开人世,10,1,8,8,0,0,0,1,6,0,0,0,0,0,0,0,无┋4,2,0,4,6,0,0,1,0,2,0,否,土葬┋火葬,10,0,0,0,0,0,59
176,2023/5/16 10:02:56,360秒,微信,N/A,14.135.162.85(宁夏-中卫),30周岁-55周岁,宁夏-石嘴山,农村,其他少数民族〖回族〗,圆寂,3,3,2,4,2,2,去世,1,7,7,3,4,3,3,5,7,2,3,2,2,2,3,6,寄,4,2,3,3,2,3,3,2,2,2,是,土葬,7,2,1,2,2,2,118
177,2023/5/16 10:21:46,186秒,微信,N/A,120.253.13.122(宁夏-中卫),30周岁-55周岁,宁夏-银川,城市,汉族,都没听说过,(跳过),(跳过),(跳过),(跳过),(跳过),(跳过),去世,1,8,8,2,6,9,2,1,8,0,2,2,3,1,3,2,都没听说过,(跳过),(跳过),(跳过),(跳过),(跳过),(跳过),(跳过),(跳过),(跳过),(跳过),是,土葬,6,2,2,2,6,2,78
178,2023/5/16 10:56:56,585秒,微信,N/A,119.60.140.17(宁夏-石嘴山),30周岁-55周岁,宁夏-银川,农村,其他少数民族〖回〗,圆寂┋归仙┋归寂,0,0,0,0,0,0,死┋去世┋没了┋走了┋长眠┋归西┋离开人世,2,0,4,4,0,0,0,0,2,2,0,2,0,0,1,0,噶┋无┋4,0,0,4,6,0,5,0,0,3,0,否,土葬,10,0,0,2,0,0,47
179,2023/5/16 11:03:07,322秒,微信,N/A,119.60.140.17(宁夏-石嘴山),30周岁-55周岁,宁夏-石嘴山,农村,其他少数民族〖回〗,圆寂┋归仙┋舍身┋归寂,1,0,0,2,0,0,死┋去世┋没了┋走了┋长眠┋归西┋离开人世,1,1,4,5,0,6,0,2,2,1,0,0,0,0,0,0,噶┋无┋4,0,1,4,6,0,1,2,4,4,0,否,土葬,10,0,0,4,1,0,62
180,2023/5/16 11:38:49,128秒,微信,N/A,111.205.230.101(北京-北京),18周岁-30周岁,浙江-台州,城市,汉族,圆寂┋归仙┋羽化┋舍身┋归寂,0,0,0,8,0,0,死┋去世┋没了┋走了┋作古┋长眠┋归西┋离开人世,10,10,10,10,3,6,3,7,2,2,0,0,0,0,0,0,寄┋噶┋无┋4┋亖,6,2,8,8,8,0,0,0,0,0,是,土葬┋火葬,0,0,0,10,0,0,113
181,2023/5/16 11:39:04,161秒,微信,N/A,111.205.230.86(北京-北京),18周岁-30周岁,江西-上饶,城市,汉族,圆寂┋羽化┋舍身,3,0,4,0,0,2,死┋去世┋没了┋走了┋作古┋长眠┋归西┋离开人世,7,10,7,8,7,8,5,9,3,0,2,0,0,0,0,0,寄┋噶┋无┋4┋亖,8,9,9,6,9,1,1,1,1,1,是,火葬,0,0,0,8,0,5,134
182,2023/5/16 11:39:16,135秒,微信,N/A,111.205.233.245(北京-北京),18周岁-30周岁,黑龙江-绥化,城市,汉族,圆寂┋归仙┋羽化┋舍身┋归寂,0,0,0,0,0,1,死┋去世┋没了┋走了┋作古┋长眠┋归西┋离开人世,4,4,9,9,1,2,4,8,4,4,2,2,6,6,7,4,寄┋噶┋亖,8,6,2,1,2,1,2,1,1,7,是,土葬┋火葬,7,7,5,6,0,7,140
183,2023/5/16 11:39:48,144秒,微信,N/A,111.205.233.229(北京-北京),18周岁-30周岁,江苏-南通,城市,汉族,圆寂┋羽化,2,0,0,0,0,6,死┋去世┋没了┋走了┋作古┋长眠┋归西┋离开人世,7,6,4,8,0,0,0,4,6,5,5,4,4,3,3,4,寄┋噶┋无┋4┋亖,7,5,3,4,0,2,3,3,3,2,是,土葬┋火葬┋水葬┋天葬,0,3,2,0,0,1,109
184,2023/5/16 11:40:23,138秒,微信,N/A,203.93.11.114(北京-北京),18周岁-30周岁,河北-石家庄,城市,汉族,圆寂┋羽化,1,0,0,0,0,0,死┋去世┋没了┋走了┋作古┋长眠┋归西┋离开人世,10,10,8,5,2,1,1,5,0,0,0,0,0,0,2,0,寄┋噶┋无┋亖,10,4,4,0,6,0,0,0,0,5,是,土葬┋火葬┋水葬┋天葬,4,4,0,8,0,0,90
185,2023/5/16 11:40:31,129秒,微信,N/A,111.205.233.204(北京-北京),18周岁-30周岁,广东-深圳,城市,汉族,圆寂┋归仙┋羽化┋舍身┋归寂,0,0,0,0,0,0,死┋去世┋没了┋走了┋作古┋长眠┋归西┋离开人世,4,8,8,8,0,0,0,0,0,0,0,0,0,0,0,0,寄┋噶┋无┋4┋亖,4,0,4,4,4,0,0,0,0,0,否,土葬┋火葬┋水葬┋天葬,0,0,0,10,0,0,54
186,2023/5/16 11:40:34,243秒,微信,N/A,223.104.40.52(北京-北京),18周岁-30周岁,北京-海淀区,城市,汉族,圆寂┋归仙┋羽化,10,0,0,0,0,4,死┋去世┋没了┋走了┋作古┋长眠┋归西┋离开人世,8,6,6,4,0,0,5,8,0,0,0,0,7,7,8,0,寄┋噶┋无┋4┋亖,8,1,3,7,5,4,10,0,0,10,是,土葬┋火葬┋水葬┋天葬,0,10,4,4,1,0,140
187,2023/5/16 11:41:13,150秒,微信,N/A,117.136.0.223(北京-北京),18周岁-30周岁,福建-厦门,城市,汉族,圆寂┋归仙┋羽化,0,0,0,0,0,0,死┋去世┋没了┋走了┋作古┋长眠┋归西┋离开人世,2,9,7,5,0,0,0,0,0,0,0,0,0,0,0,0,寄┋噶┋4┋亖,8,2,0,4,0,1,1,0,4,6,是,土葬┋火葬┋水葬┋天葬,2,1,0,8,0,0,60
188,2023/5/16 11:41:35,139秒,微信,N/A,111.205.233.42(北京-北京),18周岁-30周岁,北京-朝阳区,城市,汉族,圆寂┋羽化,8,0,3,0,0,0,死┋去世┋没了┋走了┋作古┋长眠┋归西┋离开人世,8,10,2,8,0,0,0,3,8,2,3,2,0,0,9,4,寄┋噶┋无┋4┋亖,8,8,8,8,8,0,0,0,0,3,否,土葬┋火葬┋水葬┋天葬,2,2,2,2,2,2,125
189,2023/5/16 11:42:18,110秒,微信,N/A,1.202.121.50(北京-北京),18周岁-30周岁,福建-厦门,城市,汉族,圆寂┋归仙┋羽化┋舍身┋归寂,2,2,1,1,0,2,死┋去世┋没了┋走了┋作古┋长眠┋归西┋离开人世,7,8,8,8,4,2,4,8,1,2,2,2,1,0,1,1,都没听说过,(跳过),(跳过),(跳过),(跳过),(跳过),(跳过),(跳过),(跳过),(跳过),(跳过),是,土葬┋火葬┋水葬┋天葬,2,6,7,8,1,4,95
190,2023/5/16 11:43:13,124秒,微信,N/A,111.205.232.42(北京-北京),18周岁-30周岁,山东-东营,城市,汉族,都没听说过,(跳过),(跳过),(跳过),(跳过),(跳过),(跳过),死┋去世┋没了┋走了┋长眠┋归西┋离开人世,9,9,8,7,0,0,0,0,8,1,0,0,0,0,0,0,寄┋噶┋无┋4┋亖,7,10,3,0,2,0,0,0,0,0,否,土葬,1,0,0,0,0,0,65
191,2023/5/16 11:43:15,162秒,微信,N/A,111.205.233.183(北京-北京),18周岁-30周岁,湖南-常德,城市,汉族,圆寂┋羽化,3,1,0,0,0,2,死┋去世┋没了┋走了,6,6,8,8,0,0,0,1,4,2,3,2,0,0,0,0,寄┋噶┋无┋4┋亖,8,6,6,4,4,1,1,1,2,2,是,土葬┋火葬,0,0,0,2,0,2,85
192,2023/5/16 11:43:36,162秒,微信,N/A,111.205.233.103(北京-北京),18周岁-30周岁,北京-朝阳区,农村,汉族,圆寂┋归仙┋羽化,1,0,0,0,0,1,死┋去世┋没了┋走了┋作古┋长眠┋归西┋离开人世,6,3,8,7,0,0,0,1,1,0,0,0,0,0,0,0,寄┋噶┋无┋4┋亖,2,0,3,0,0,0,1,0,2,5,否,土葬┋火葬┋水葬,5,9,5,8,0,1,69
193,2023/5/16 11:44:15,182秒,微信,N/A,111.205.233.142(北京-北京),18周岁-30周岁,重庆-万州区,农村,汉族,圆寂┋归仙┋羽化┋归寂,8,1,9,1,4,0,死┋去世┋没了┋走了┋作古┋长眠┋归西┋离开人世,10,9,6,7,1,1,0,7,0,0,1,0,0,0,0,0,寄┋噶┋无┋亖,8,4,1,2,3,1,5,0,1,1,是,土葬┋火葬,9,1,0,3,0,0,104
194,2023/5/16 11:44:29,172秒,微信,N/A,111.205.232.24(北京-北京),18周岁-30周岁,河南-安阳,城市,汉族,圆寂┋羽化,0,0,0,0,0,0,死┋去世┋没了┋走了┋作古┋长眠┋归西┋离开人世,0,10,5,2,0,0,0,9,2,0,0,0,0,0,0,0,寄┋噶┋无┋4┋亖,8,8,6,0,0,0,0,0,0,7,是,土葬┋火葬,6,0,0,10,0,0,73
195,2023/5/16 11:44:32,191秒,微信,N/A,111.205.232.164(北京-北京),18周岁-30周岁,甘肃-兰州,农村,汉族,圆寂┋归仙┋羽化,0,6,0,0,0,4,死┋去世┋没了┋走了┋作古┋长眠┋归西┋离开人世,2,6,7,9,0,0,0,3,6,2,0,0,0,0,0,0,寄┋噶┋无,2,0,3,0,0,0,4,0,0,0,是,土葬┋火葬,10,0,0,10,10,5,89
196,2023/5/16 11:45:04,216秒,微信,N/A,124.64.22.133(北京-北京),18周岁-30周岁,甘肃-白银,城市,汉族,圆寂┋归仙┋羽化┋归寂,4,0,2,0,0,1,死┋去世┋没了┋走了┋作古┋长眠┋归西┋离开人世,8,9,8,9,0,0,0,0,0,0,0,0,0,0,0,0,寄┋噶┋无┋4┋亖,5,7,1,6,4,0,0,0,0,0,是,土葬┋火葬┋水葬┋天葬,2,7,1,6,1,7,88
197,2023/5/16 11:45:32,167秒,微信,N/A,111.205.232.161(北京-北京),18周岁-30周岁,陕西-西安,城市,汉族,圆寂┋归仙┋羽化┋舍身┋归寂,7,2,2,2,2,2,去世┋没了┋走了┋离开人世,1,3,6,7,3,5,3,3,10,2,1,1,1,1,1,2,寄┋噶┋无┋亖,3,2,8,0,3,4,4,2,2,3,否,火葬,3,2,2,2,2,5,114
198,2023/5/16 11:45:36,188秒,微信,N/A,1.202.121.51(北京-北京),18周岁-30周岁,河北-沧州,城市,汉族,圆寂┋归仙┋羽化┋归寂,3,0,1,0,3,0,死┋去世┋没了┋走了┋作古┋长眠┋归西┋离开人世,7,10,9,10,0,0,2,2,5,3,2,2,0,0,2,2,寄┋噶┋无┋4┋亖,9,0,2,0,2,6,6,0,6,6,是,土葬┋火葬┋水葬┋天葬,4,0,0,4,0,1,109
199,2023/5/16 11:45:45,114秒,微信,N/A,203.93.11.91(北京-北京),18周岁-30周岁,福建-厦门,城市,汉族,圆寂┋羽化,4,0,0,0,0,0,死┋去世┋没了┋走了┋归西┋离开人世,3,10,10,10,0,0,0,5,3,0,0,0,0,0,0,0,寄┋噶┋无┋4┋亖,9,4,5,0,6,0,0,0,0,0,是,土葬┋火葬┋天葬,0,0,0,7,0,0,76
200,2023/5/16 11:46:36,158秒,微信,N/A,111.205.232.96(北京-北京),18周岁-30周岁,河北-邢台,城市,汉族,圆寂┋归仙┋羽化,0,0,0,0,0,6,死┋去世┋没了┋走了┋作古┋长眠┋归西┋离开人世,9,7,9,7,0,0,0,8,0,0,0,0,0,0,0,0,寄┋噶┋无┋4┋亖,5,7,7,0,0,5,8,0,8,9,是,土葬┋火葬,2,2,0,4,0,5,108
201,2023/5/16 11:47:12,543秒,微信,N/A,111.205.232.120(北京-北京),18周岁-30周岁,山西-晋城,城市,汉族,圆寂┋归仙┋羽化,0,0,0,0,0,4,死┋去世┋没了┋走了┋作古┋长眠┋归西┋离开人世,10,8,8,8,0,0,0,2,0,0,0,0,0,0,0,0,寄┋噶┋无┋4┋亖,10,0,6,8,0,0,0,0,0,0,是,土葬┋火葬,6,0,0,6,0,6,82
202,2023/5/16 11:51:14,148秒,微信,N/A,203.93.11.210(北京-北京),18周岁-30周岁,四川-达州,城市,汉族,圆寂┋归仙┋羽化┋归寂,0,0,0,0,0,0,死┋去世┋没了┋走了┋作古┋长眠┋归西┋离开人世,10,8,10,10,4,4,4,6,2,0,0,0,0,0,2,0,寄┋噶┋无┋4┋亖,4,6,8,2,2,0,8,0,0,0,是,土葬┋火葬┋天葬,8,0,0,10,0,6,114
203,2023/5/16 11:51:59,124秒,微信,N/A,221.216.116.181(北京-北京),18周岁-30周岁,重庆-万州区,农村,汉族,圆寂┋归仙┋羽化┋舍身┋归寂,0,0,0,0,0,0,死┋去世┋没了┋走了,10,10,10,10,2,2,2,7,8,0,4,0,0,0,0,0,寄┋噶┋无┋4┋亖,8,2,6,0,3,0,2,2,10,0,是,土葬┋火葬,6,10,0,10,0,6,130
204,2023/5/16 11:57:08,267秒,微信,N/A,111.205.230.129(北京-北京),18周岁-30周岁,河南-濮阳,城市,汉族,圆寂┋归仙┋羽化┋归寂,0,0,0,0,0,0,死┋去世┋没了┋走了┋长眠┋归西┋离开人世,2,8,5,7,0,1,1,2,2,0,0,0,0,0,0,0,寄┋噶┋无┋4┋亖,3,6,3,0,0,2,2,0,0,0,是,火葬┋水葬┋天葬,6,6,0,4,0,5,65
205,2023/5/16 12:03:43,166秒,微信,N/A,111.205.232.117(北京-北京),18周岁-30周岁,江苏-徐州,城市,汉族,都没听说过,(跳过),(跳过),(跳过),(跳过),(跳过),(跳过),死┋去世┋没了┋走了┋长眠┋离开人世,2,8,6,6,0,2,0,2,4,0,1,0,0,0,0,0,寄┋噶┋无┋4┋亖,4,0,0,0,4,0,0,0,0,0,是,土葬┋火葬┋水葬,3,4,0,6,0,6,58
206,2023/5/16 12:05:18,113秒,微信,N/A,223.104.41.79(北京-北京),18周岁-30周岁,安徽-滁州,城市,汉族,圆寂┋归仙┋羽化┋舍身,2,2,2,2,2,4,死┋去世┋没了┋走了┋长眠┋归西┋离开人世,6,8,4,4,2,2,2,6,8,4,4,4,2,2,2,4,寄┋无┋亖,6,2,2,2,4,4,4,2,4,4,是,土葬┋火葬┋水葬┋天葬,2,6,6,4,2,5,137
207,2023/5/16 12:11:16,225秒,微信,N/A,111.205.230.90(北京-北京),18周岁-30周岁,河北-衡水,城市,汉族,圆寂┋归仙┋羽化┋舍身┋归寂,0,0,0,0,0,0,死┋去世┋没了┋走了┋长眠┋归西┋离开人世,8,8,9,9,1,1,1,4,4,0,2,2,0,0,0,0,寄┋噶┋无┋4┋亖,10,7,6,8,10,1,2,1,1,1,否,土葬┋火葬┋水葬┋天葬,5,5,0,4,0,5,115
208,2023/5/16 12:12:03,287秒,微信,N/A,223.104.15.222(内蒙古-呼和浩特),18周岁-30周岁,宁夏-石嘴山,农村,其他少数民族〖回族〗,都没听说过,(跳过),(跳过),(跳过),(跳过),(跳过),(跳过),去世┋离开人世,2,10,0,0,0,0,0,5,10,0,0,0,0,0,0,0,噶,0,0,0,0,2,0,0,0,0,2,否,土葬,10,0,0,0,0,2,43
209,2023/5/16 12:15:45,400秒,微信,N/A,203.93.11.23(北京-北京),18周岁-30周岁,甘肃-陇南,农村,汉族,圆寂┋归仙┋羽化,1,1,1,0,0,0,死┋去世┋没了┋走了┋作古┋长眠┋归西┋离开人世,6,8,8,8,2,3,2,8,2,0,0,0,0,0,0,0,寄┋噶┋无┋4,8,6,8,4,0,0,0,0,0,0,是,土葬┋火葬┋水葬┋天葬,8,7,0,6,0,4,101
210,2023/5/16 12:25:33,164秒,微信,N/A,223.104.211.184(上海-上海),18周岁以下,黑龙江-大庆,城市,汉族,圆寂,6,2,1,0,0,2,死┋去世┋走了,1,4,0,2,0,0,0,0,9,0,0,2,0,0,0,0,寄┋亖,0,0,0,0,0,0,0,0,0,0,是,土葬┋火葬,0,2,0,10,0,10,51
211,2023/5/16 12:27:43,439秒,微信,N/A,111.49.255.108(宁夏-石嘴山),30周岁-55周岁,宁夏-石嘴山,农村,其他少数民族〖回族〗,圆寂┋归仙┋羽化┋归寂,0,0,0,0,0,4,死┋去世┋没了┋走了┋离开人世,5,7,2,10,0,2,2,2,3,3,4,4,2,1,2,2,4,0,1,4,3,0,1,2,4,3,1,否,土葬┋火葬┋水葬┋天葬,9,2,1,2,1,3,92
212,2023/5/16 12:29:43,309秒,微信,N/A,39.144.73.98(宁夏-石嘴山),18周岁-30周岁,宁夏-石嘴山,城市,其他少数民族〖回〗,圆寂┋归仙,0,1,0,0,0,0,死┋去世┋没了┋走了,0,0,6,8,0,0,0,2,4,0,0,0,0,0,0,0,噶,0,4,0,0,0,0,0,0,0,0,是,土葬,4,0,0,2,0,1,32
213,2023/5/16 12:35:53,164秒,微信,N/A,111.205.233.102(北京-北京),18周岁-30周岁,山东-烟台,城市,汉族,圆寂┋归仙┋羽化┋归寂,0,0,0,0,0,0,死┋去世┋没了┋走了┋作古┋长眠┋归西┋离开人世,10,10,6,6,0,0,7,2,2,0,0,0,0,0,0,0,寄┋噶┋无┋4┋亖,8,6,6,4,6,0,0,0,0,0,是,土葬┋火葬┋水葬┋天葬,6,6,0,8,0,4,97
214,2023/5/16 12:54:51,185秒,微信,N/A,39.144.205.81(新疆-塔城),18周岁以下,宁夏-石嘴山,农村,汉族,圆寂┋归仙┋归寂,2,2,0,0,1,5,死┋去世┋没了┋走了┋离开人世,8,2,2,4,0,0,0,0,5,4,2,0,0,0,0,2,噶┋4,0,4,0,6,0,0,0,0,0,0,否,土葬┋火葬┋天葬,5,0,5,4,0,0,63
215,2023/5/16 13:03:39,352秒,微信,N/A,111.49.94.100(宁夏-石嘴山),18周岁以下,宁夏-石嘴山,城市,其他少数民族〖回族〗,归仙┋羽化┋舍身┋归寂,0,0,0,0,0,0,死┋去世┋没了┋走了┋长眠┋归西┋离开人世,1,2,2,1,0,0,0,2,2,0,1,1,0,0,0,1,无┋4┋亖,0,0,1,2,2,0,0,0,2,2,是,土葬┋火葬┋天葬,0,0,5,4,0,10,41
216,2023/5/16 13:11:54,195秒,微信,N/A,42.63.144.89(宁夏-石嘴山),18周岁以下,宁夏-石嘴山,城市,汉族,都没听说过,(跳过),(跳过),(跳过),(跳过),(跳过),(跳过),死┋去世┋没了┋走了┋长眠┋归西┋离开人世,10,10,5,10,1,1,4,6,10,1,1,1,1,1,1,1,寄,1,9,8,0,9,1,0,1,8,8,是,土葬┋火葬,10,1,1,1,1,5,128
217,2023/5/16 13:14:40,212秒,微信,N/A,111.49.91.89(宁夏-石嘴山),18周岁以下,宁夏-石嘴山,农村,汉族,都没听说过,(跳过),(跳过),(跳过),(跳过),(跳过),(跳过),去世,2,8,0,6,2,2,3,3,6,1,4,2,4,2,3,2,寄┋噶,4,6,2,5,4,8,8,1,5,2,是,土葬┋火葬┋水葬,4,1,1,4,0,10,115
218,2023/5/16 13:14:56,257秒,微信,N/A,111.49.75.176(宁夏-银川),30周岁-55周岁,宁夏-银川,城市,汉族,圆寂┋归仙┋羽化┋舍身,4,4,5,1,2,2,死┋去世┋没了┋走了┋长眠┋离开人世,7,10,10,8,1,10,1,10,1,10,10,10,2,10,2,10,4┋亖,2,10,1,2,1,1,10,2,1,1,是,土葬┋火葬┋水葬┋天葬,2,2,2,1,10,2,180
219,2023/5/16 13:16:13,196秒,微信,N/A,111.49.93.57(宁夏-石嘴山),18周岁以下,宁夏-石嘴山,城市,汉族,都没听说过,(跳过),(跳过),(跳过),(跳过),(跳过),(跳过),死┋去世┋没了┋走了┋离开人世,5,8,3,10,1,1,1,1,10,1,2,1,1,1,6,1,寄┋噶┋无┋4┋亖,3,10,5,1,1,3,1,1,3,3,是,土葬┋火葬,1,1,1,1,3,5,96
220,2023/5/16 13:16:34,212秒,微信,N/A,111.49.94.205(宁夏-石嘴山),18周岁以下,宁夏-石嘴山,城市,汉族,舍身,2,2,2,2,2,2,去世┋没了┋走了┋离开人世,4,2,2,2,2,2,6,2,10,1,2,2,2,2,2,2,无┋4┋亖,1,1,1,1,1,1,1,2,2,2,是,土葬┋火葬┋水葬,10,1,1,10,2,10,104
221,2023/5/16 13:25:10,421秒,微信,N/A,111.113.13.66(宁夏-银川),55周岁以上,天津-和平区,城市,其他少数民族〖回族〗,圆寂┋归仙┋归寂,6,8,2,2,7,2,死┋去世┋没了┋走了┋作古┋长眠┋归西┋离开人世,6,8,4,8,6,6,7,6,3,3,4,5,4,4,3,2,寄,8,2,2,1,2,1,2,2,2,2,是,土葬┋火葬┋水葬┋天葬,6,2,2,6,2,6,154
222,2023/5/16 13:28:47,424秒,微信,N/A,111.112.147.122(宁夏-石嘴山),30周岁-55周岁,宁夏-石嘴山,农村,其他少数民族〖回族〗,圆寂┋羽化,2,1,2,2,2,9,死┋去世┋没了┋走了┋离开人世,6,6,4,4,2,2,2,8,8,6,6,9,2,2,2,6,都没听说过,(跳过),(跳过),(跳过),(跳过),(跳过),(跳过),(跳过),(跳过),(跳过),(跳过),否,土葬┋火葬,10,0,0,10,2,10,125
223,2023/5/16 13:45:46,173秒,手机提交,直接访问,111.49.253.227(宁夏-石嘴山),18周岁以下,宁夏-石嘴山,城市,其他少数民族〖回〗,圆寂,1,1,1,1,1,1,死┋去世┋没了┋走了,10,10,10,1,1,1,1,3,1,1,2,1,1,1,1,1,寄┋噶┋无┋4┋亖,10,10,10,10,10,1,1,1,1,2,否,土葬┋火葬┋水葬┋天葬,1,1,10,1,1,1,123
224,2023/5/16 14:36:02,297秒,微信,N/A,111.49.252.122(宁夏-石嘴山),30周岁-55周岁,宁夏-银川,城市,其他少数民族〖回〗,圆寂┋归仙┋归寂,7,6,7,8,7,5,去世┋走了┋归西┋离开人世,0,10,9,9,9,8,8,10,10,9,9,10,6,10,10,10,无,9,7,9,9,10,10,8,9,6,5,否,土葬┋火葬,5,10,10,9,8,7,308
225,2023/5/16 15:14:53,379秒,微信,N/A,39.144.75.111(北京-北京),30周岁-55周岁,宁夏-石嘴山,农村,其他少数民族〖回族〗,圆寂,2,2,0,0,2,2,死┋去世┋没了┋走了┋离开人世,4,8,0,4,0,8,1,8,4,0,2,0,0,4,0,0,都没听说过,(跳过),(跳过),(跳过),(跳过),(跳过),(跳过),(跳过),(跳过),(跳过),(跳过),否,土葬┋火葬,8,0,0,2,0,0,61
226,2023/5/16 16:06:34,355秒,微信,N/A,39.144.73.240(宁夏-石嘴山),30周岁-55周岁,宁夏-石嘴山,农村,其他少数民族〖回族〗,都没听说过,(跳过),(跳过),(跳过),(跳过),(跳过),(跳过),走了,2,6,10,5,8,2,2,5,9,2,1,7,10,10,10,3,都没听说过,(跳过),(跳过),(跳过),(跳过),(跳过),(跳过),(跳过),(跳过),(跳过),(跳过),是,土葬,10,1,1,1,1,10,116
227,2023/5/16 16:41:56,296秒,微信,N/A,117.136.28.157(宁夏-银川),30周岁-55周岁,宁夏-石嘴山,农村,其他少数民族〖回族〗,圆寂┋归仙┋羽化┋归寂,0,0,8,0,0,0,去世┋没了┋走了┋作古┋长眠┋归西┋离开人世,2,10,10,10,10,10,10,10,2,10,8,8,6,6,6,8,无,0,0,0,0,0,0,0,0,2,0,否,土葬┋火葬,10,0,0,0,0,2,148
228,2023/5/16 17:52:45,1584秒,微信,N/A,223.104.15.221(内蒙古-呼和浩特),30周岁-55周岁,宁夏-石嘴山,城市,其他少数民族〖回簇〗,都没听说过,(跳过),(跳过),(跳过),(跳过),(跳过),(跳过),去世,7,8,10,9,0,10,5,7,6,9,6,6,1,2,7,7,无┋4,1,2,2,10,10,5,7,7,8,10,是,火葬,10,2,3,4,5,2,188
229,2023/5/16 18:47:35,656秒,微信,N/A,111.49.36.15(宁夏-银川),55周岁以上,宁夏-银川,城市,其他少数民族〖回族〗,圆寂┋归仙,3,3,3,2,3,10,死┋去世┋没了┋走了,10,10,5,10,10,10,3,3,10,10,10,7,4,7,10,10,都没听说过,(跳过),(跳过),(跳过),(跳过),(跳过),(跳过),(跳过),(跳过),(跳过),(跳过),是,土葬┋火葬,10,3,5,2,2,0,175
230,2023/5/16 19:29:14,218秒,微信,N/A,14.134.69.105(宁夏-石嘴山),18周岁以下,宁夏-石嘴山,城市,汉族,归仙┋舍身┋归寂,0,10,1,8,2,1,去世┋走了┋离开人世,2,8,4,0,5,10,4,10,2,4,1,1,1,1,1,1,寄┋噶┋无┋4┋亖,10,10,10,10,2,0,0,1,1,5,是,土葬┋火葬┋水葬,2,2,1,10,1,10,152
231,2023/5/16 19:44:30,164秒,微信,N/A,111.49.92.119(宁夏-石嘴山),18周岁-30周岁,宁夏-石嘴山,城市,汉族,都没听说过,(跳过),(跳过),(跳过),(跳过),(跳过),(跳过),死┋去世┋没了┋走了┋离开人世,10,10,10,10,4,1,1,1,10,1,1,2,3,2,2,2,噶,10,10,1,1,2,0,2,2,10,2,是,土葬,10,1,1,10,2,2,136
